{
  "Options": [
    {
      "Name": "--name",
      "Alias": [
        "--origin-name "
      ],
      "Short": [
        "-n "
      ],
      "Attribute": "[Required]",
      "Description": "Name of the origin that is unique within the profile.",
      "Arguments": null
    },
    {
      "Name": "--origin-group-name",
      "Alias": null,
      "Short": null,
      "Attribute": "[Required]",
      "Description": "Name of the origin group which is unique within the profile.",
      "Arguments": null
    },
    {
      "Name": "--profile-name",
      "Alias": null,
      "Short": null,
      "Attribute": "[Required]",
      "Description": "Name of the Azure Front Door Standard or Azure Front Door Premium profile which is unique within the resource group.",
      "Arguments": null
    },
    {
      "Name": "--resource-group",
      "Alias": null,
      "Short": [
        "-g "
      ],
      "Attribute": "[Required]",
      "Description": "Name of resource group. You can configure the default group using \u0060az configure --defaults group=\u003Cname\u003E\u0060.",
      "Arguments": null
    },
    {
      "Name": "--enable-private-link",
      "Alias": null,
      "Short": null,
      "Attribute": "",
      "Description": "Indicates whether private link is enanbled on that origin. Allowed values: 0, 1, f, false, n, no, t, true, y, yes.",
      "Arguments": [
        "0",
        "1",
        "f",
        "false",
        "n",
        "no",
        "t",
        "true",
        "y",
        "yes"
      ]
    },
    {
      "Name": "--no-wait",
      "Alias": null,
      "Short": null,
      "Attribute": "",
      "Description": "Do not wait for the long-running operation to finish. Allowed values: 0, 1, f, false, n, no, t, true, y, yes.",
      "Arguments": [
        "0",
        "1",
        "f",
        "false",
        "n",
        "no",
        "t",
        "true",
        "y",
        "yes"
      ]
    },
    {
      "Name": "--private-link-location",
      "Alias": null,
      "Short": null,
      "Attribute": "",
      "Description": "The location of origin that will be connected to using the private link.",
      "Arguments": null
    },
    {
      "Name": "--private-link-request-message",
      "Alias": null,
      "Short": null,
      "Attribute": "",
      "Description": "The message that is shown to the approver of the private link request.",
      "Arguments": null
    },
    {
      "Name": "--private-link-resource",
      "Alias": null,
      "Short": null,
      "Attribute": "",
      "Description": "The resource ID of the origin that will be connected to using the private link.",
      "Arguments": null
    },
    {
      "Name": "--private-link-sub-resource-type",
      "Alias": null,
      "Short": null,
      "Attribute": "",
      "Description": "The sub-resource type of the origin that will be connected to using the private link.You can use \u0022az network private- link-resource list\u0022 to obtain the supported sub-resource types.",
      "Arguments": null
    },
    {
      "Name": "--enabled-state",
      "Alias": null,
      "Short": null,
      "Attribute": "",
      "Description": "Whether to enable health probes to be made against backends defined under backendPools. Health probes can only be disabled if there is a single enabled backend in single enabled backend pool.  Allowed values: Disabled, Enabled.",
      "Arguments": [
        "Disabled",
        "Enabled"
      ]
    },
    {
      "Name": "--enforce-certificate-name-check",
      "Alias": null,
      "Short": null,
      "Attribute": "",
      "Description": "Whether to enable certificate name check at origin level. Allowed values: 0, 1, f, false, n, no, t, true, y, yes. Default: True.",
      "Arguments": [
        "0",
        "1",
        "f",
        "false",
        "n",
        "no",
        "t",
        "true",
        "y",
        "yes"
      ]
    },
    {
      "Name": "--host-name",
      "Alias": null,
      "Short": null,
      "Attribute": "",
      "Description": "The address of the origin. Domain names, IPv4 addresses, and IPv6 addresses are supported.This should be unique across all origins in an endpoint.",
      "Arguments": null
    },
    {
      "Name": "--http-port",
      "Alias": null,
      "Short": null,
      "Attribute": "",
      "Description": "The value of the HTTP port. Must be between 1 and 65535. Default: 80.",
      "Arguments": null
    },
    {
      "Name": "--https-port",
      "Alias": null,
      "Short": null,
      "Attribute": "",
      "Description": "The value of the HTTPS port. Must be between 1 and 65535. Default: 443.",
      "Arguments": null
    },
    {
      "Name": "--origin-host-header",
      "Alias": null,
      "Short": null,
      "Attribute": "",
      "Description": "The host header value sent to the origin with each request. If you leave this blank, the request hostname determines this value. Azure Front Door origins, such as Web Apps, Blob Storage, and Cloud Services require this host header value to match the origin hostname by default. This overrides the host header defined at Endpoint.",
      "Arguments": null
    },
    {
      "Name": "--priority",
      "Alias": null,
      "Short": null,
      "Attribute": "",
      "Description": "Priority of origin in given origin group for load balancing. Higher priorities will not be used for load balancing if any lower priority origin is healthy.Must be between 1 and 5.",
      "Arguments": null
    },
    {
      "Name": "--weight",
      "Alias": null,
      "Short": null,
      "Attribute": "",
      "Description": "Weight of the origin in given origin group for load balancing. Must be between 1 and 1000.",
      "Arguments": null
    },
    {
      "Name": "--debug",
      "Alias": null,
      "Short": null,
      "Attribute": "",
      "Description": "Increase logging verbosity to show all debug logs.",
      "Arguments": null
    },
    {
      "Name": "--help",
      "Alias": null,
      "Short": [
        "-h "
      ],
      "Attribute": "",
      "Description": "Show this help message and exit.",
      "Arguments": null
    },
    {
      "Name": "--only-show-errors",
      "Alias": null,
      "Short": null,
      "Attribute": "",
      "Description": "Only show errors, suppressing warnings.",
      "Arguments": null
    },
    {
      "Name": "--output",
      "Alias": null,
      "Short": [
        "-o "
      ],
      "Attribute": "",
      "Description": "Output format.  Allowed values: json, jsonc, none, table, tsv, yaml, yamlc.  Default: json.",
      "Arguments": [
        "json",
        "jsonc",
        "none",
        "table",
        "tsv",
        "yaml",
        "yamlc"
      ]
    },
    {
      "Name": "--query",
      "Alias": null,
      "Short": null,
      "Attribute": "",
      "Description": "JMESPath query string. See http://jmespath.org/ for more information and examples.",
      "Arguments": null
    },
    {
      "Name": "--subscription",
      "Alias": null,
      "Short": null,
      "Attribute": "",
      "Description": "Name or ID of subscription. You can configure the default subscription using \u0060az account set -s NAME_OR_ID\u0060.",
      "Arguments": null
    },
    {
      "Name": "--verbose",
      "Alias": null,
      "Short": null,
      "Attribute": "",
      "Description": "Increase logging verbosity. Use --debug for full debug logs.",
      "Arguments": null
    }
  ],
  "Examples": null,
  "Name": "create",
  "Description": "Create a new origin within the specified origin group."
}