[
  {
    "Name": "create",
    "Type": 1,
    "Attribute": "",
    "Description": "Create a new origin within the specified origin group."
  },
  {
    "Name": "delete",
    "Type": 1,
    "Attribute": "",
    "Description": "Delete an existing origin within an origin group."
  },
  {
    "Name": "list",
    "Type": 1,
    "Attribute": "",
    "Description": "List all of the existing origins within an origin group."
  },
  {
    "Name": "show",
    "Type": 1,
    "Attribute": "",
    "Description": "Get an existing origin within an origin group."
  },
  {
    "Name": "update",
    "Type": 1,
    "Attribute": "",
    "Description": "Update a new origin within the specified origin group."
  },
  {
    "Name": "wait",
    "Type": 1,
    "Attribute": "",
    "Description": "Place the CLI in a waiting state until a condition is met."
  }
]