[
  {
    "Name": "delete",
    "Type": 1,
    "Attribute": "",
    "Description": "Delete an application\u0027s password or certificate credentials."
  },
  {
    "Name": "list",
    "Type": 1,
    "Attribute": "",
    "Description": "List an application\u0027s password or certificate credential metadata. (The content of the password or certificate credential is not retrievable.)."
  },
  {
    "Name": "reset",
    "Type": 1,
    "Attribute": "",
    "Description": "Reset an application\u0027s password or certificate credentials."
  }
]