[
  {
    "Name": "create",
    "Type": 1,
    "Attribute": "",
    "Description": "Create a scope map for an Azure Container Registry."
  },
  {
    "Name": "delete",
    "Type": 1,
    "Attribute": "",
    "Description": "Delete a scope map for an Azure Container Registry."
  },
  {
    "Name": "list",
    "Type": 1,
    "Attribute": "",
    "Description": "List all scope maps for an Azure Container Registry."
  },
  {
    "Name": "show",
    "Type": 1,
    "Attribute": "",
    "Description": "Show details and attributes of a scope map for an Azure Container Registry."
  },
  {
    "Name": "update",
    "Type": 1,
    "Attribute": "",
    "Description": "Update a scope map for an Azure Container Registry."
  }
]