{
  "Options": [
    {
      "Name": "--name",
      "Alias": null,
      "Short": [
        "-n "
      ],
      "Attribute": "[Required]",
      "Description": "The name of the scope map.",
      "Arguments": null
    },
    {
      "Name": "--registry",
      "Alias": null,
      "Short": [
        "-r "
      ],
      "Attribute": "[Required]",
      "Description": "The name of the container registry. It should be specified in lower case. You can configure the default registry name using \u0060az configure --defaults acr=\u003Cregistry name\u003E\u0060.",
      "Arguments": null
    },
    {
      "Name": "--add-gateway",
      "Alias": null,
      "Short": null,
      "Attribute": "",
      "Description": "Gateway permissions to be added. Use the format \u0022--add-gateway GATEWAY [ACTION1 ACTION2 ...]\u0022 per flag. Valid actions are [\u0027config/read\u0027, \u0027config/write\u0027, \u0027message/read\u0027, \u0027message/write\u0027].",
      "Arguments": null
    },
    {
      "Name": "--add-repository",
      "Alias": null,
      "Short": null,
      "Attribute": "",
      "Description": "Repository permissions to be added. Use the format \u0022--add-repository REPO [ACTION1 ACTION2 ...]\u0022 per flag. Valid actions are [\u0027content/delete\u0027, \u0027content/read\u0027, \u0027content/write\u0027, \u0027metadata/read\u0027, \u0027metadata/write\u0027].",
      "Arguments": null
    },
    {
      "Name": "--description",
      "Alias": null,
      "Short": null,
      "Attribute": "",
      "Description": "Description for the scope map. Maximum 256 characters are allowed.",
      "Arguments": null
    },
    {
      "Name": "--remove-gateway",
      "Alias": null,
      "Short": null,
      "Attribute": "",
      "Description": "Gateway permissions to be removed. Use the format \u0022--remove-gateway GATEWAY [ACTION1 ACTION2 ...]\u0022 per flag. Valid actions are [\u0027config/read\u0027, \u0027config/write\u0027, \u0027message/read\u0027, \u0027message/write\u0027].",
      "Arguments": null
    },
    {
      "Name": "--remove-repository",
      "Alias": null,
      "Short": null,
      "Attribute": "",
      "Description": "Repository permissions to be removed. Use the format \u0022--remove- repository REPO [ACTION1 ACTION2 ...]\u0022 per flag. Valid actions are [\u0027content/delete\u0027, \u0027content/read\u0027, \u0027content/write\u0027, \u0027metadata/read\u0027, \u0027metadata/write\u0027].",
      "Arguments": null
    },
    {
      "Name": "--resource-group",
      "Alias": null,
      "Short": [
        "-g "
      ],
      "Attribute": "",
      "Description": "Name of resource group. You can configure the default group using \u0060az configure --defaults group=\u003Cname\u003E\u0060.",
      "Arguments": null
    },
    {
      "Name": "--debug",
      "Alias": null,
      "Short": null,
      "Attribute": "",
      "Description": "Increase logging verbosity to show all debug logs.",
      "Arguments": null
    },
    {
      "Name": "--help",
      "Alias": null,
      "Short": [
        "-h "
      ],
      "Attribute": "",
      "Description": "Show this help message and exit.",
      "Arguments": null
    },
    {
      "Name": "--only-show-errors",
      "Alias": null,
      "Short": null,
      "Attribute": "",
      "Description": "Only show errors, suppressing warnings.",
      "Arguments": null
    },
    {
      "Name": "--output",
      "Alias": null,
      "Short": [
        "-o "
      ],
      "Attribute": "",
      "Description": "Output format.  Allowed values: json, jsonc, none, table, tsv, yaml, yamlc.  Default: json.",
      "Arguments": [
        "json",
        "jsonc",
        "none",
        "table",
        "tsv",
        "yaml",
        "yamlc"
      ]
    },
    {
      "Name": "--query",
      "Alias": null,
      "Short": null,
      "Attribute": "",
      "Description": "JMESPath query string. See http://jmespath.org/ for more information and examples.",
      "Arguments": null
    },
    {
      "Name": "--subscription",
      "Alias": null,
      "Short": null,
      "Attribute": "",
      "Description": "Name or ID of subscription. You can configure the default subscription using \u0060az account set -s NAME_OR_ID\u0060.",
      "Arguments": null
    },
    {
      "Name": "--verbose",
      "Alias": null,
      "Short": null,
      "Attribute": "",
      "Description": "Increase logging verbosity. Use --debug for full debug logs.",
      "Arguments": null
    }
  ],
  "Examples": null,
  "Name": "update",
  "Description": "Update a scope map for an Azure Container Registry."
}