{
  "Options": [
    {
      "Name": "--no-wait",
      "Alias": null,
      "Short": null,
      "Attribute": "",
      "Description": "Do not wait for the long-running operation to finish.  Allowed values: 0, 1, f, false, n, no, t, true, y, yes.",
      "Arguments": [
        "0",
        "1",
        "f",
        "false",
        "n",
        "no",
        "t",
        "true",
        "y",
        "yes"
      ]
    },
    {
      "Name": "--yes",
      "Alias": null,
      "Short": [
        "-y "
      ],
      "Attribute": "",
      "Description": "Do not prompt for confirmation.",
      "Arguments": null
    },
    {
      "Name": "--ids",
      "Alias": null,
      "Short": null,
      "Attribute": "",
      "Description": "One or more resource IDs (space-delimited). It should be a complete resource ID containing all information of \u0027Resource Id\u0027 arguments. You should provide either --ids or other \u0027Resource Id\u0027 arguments.",
      "Arguments": null
    },
    {
      "Name": "--name",
      "Alias": [
        "--rule-set-name "
      ],
      "Short": [
        "-n "
      ],
      "Attribute": "",
      "Description": "Name of the rule set under the profile which is unique globally.",
      "Arguments": null
    },
    {
      "Name": "--profile-name",
      "Alias": null,
      "Short": null,
      "Attribute": "",
      "Description": "Name of the Azure Front Door Standard or Azure Front Door Premium profile which is unique within the resource group.",
      "Arguments": null
    },
    {
      "Name": "--resource-group",
      "Alias": null,
      "Short": [
        "-g "
      ],
      "Attribute": "",
      "Description": "Name of resource group. You can configure the default group using \u0060az configure --defaults group=\u003Cname\u003E\u0060.",
      "Arguments": null
    },
    {
      "Name": "--subscription",
      "Alias": null,
      "Short": null,
      "Attribute": "",
      "Description": "Name or ID of subscription. You can configure the default subscription using \u0060az account set -s NAME_OR_ID\u0060.",
      "Arguments": null
    },
    {
      "Name": "--debug",
      "Alias": null,
      "Short": null,
      "Attribute": "",
      "Description": "Increase logging verbosity to show all debug logs.",
      "Arguments": null
    },
    {
      "Name": "--help",
      "Alias": null,
      "Short": [
        "-h "
      ],
      "Attribute": "",
      "Description": "Show this help message and exit.",
      "Arguments": null
    },
    {
      "Name": "--only-show-errors",
      "Alias": null,
      "Short": null,
      "Attribute": "",
      "Description": "Only show errors, suppressing warnings.",
      "Arguments": null
    },
    {
      "Name": "--output",
      "Alias": null,
      "Short": [
        "-o "
      ],
      "Attribute": "",
      "Description": "Output format.  Allowed values: json, jsonc, none, table, tsv, yaml, yamlc.  Default: json.",
      "Arguments": [
        "json",
        "jsonc",
        "none",
        "table",
        "tsv",
        "yaml",
        "yamlc"
      ]
    },
    {
      "Name": "--query",
      "Alias": null,
      "Short": null,
      "Attribute": "",
      "Description": "JMESPath query string. See http://jmespath.org/ for more information and examples.",
      "Arguments": null
    },
    {
      "Name": "--verbose",
      "Alias": null,
      "Short": null,
      "Attribute": "",
      "Description": "Increase logging verbosity. Use --debug for full debug logs.",
      "Arguments": null
    }
  ],
  "Examples": null,
  "Name": "delete",
  "Description": "Delete an existing AzureFrontDoor rule set with the specified rule set name under the specified subscription, resource group and profile."
}