[
  {
    "Name": "create",
    "Type": 1,
    "Attribute": "",
    "Description": "Create a new rule set within the specified profile."
  },
  {
    "Name": "delete",
    "Type": 1,
    "Attribute": "",
    "Description": "Delete an existing AzureFrontDoor rule set with the specified rule set name under the specified subscription, resource group and profile."
  },
  {
    "Name": "list",
    "Type": 1,
    "Attribute": "",
    "Description": "List existing AzureFrontDoor rule sets within a profile."
  },
  {
    "Name": "show",
    "Type": 1,
    "Attribute": "",
    "Description": "Get an existing AzureFrontDoor rule set with the specified rule set name under the specified subscription, resource group and profile."
  },
  {
    "Name": "usage",
    "Type": 1,
    "Attribute": "",
    "Description": "Checks the quota and actual usage of endpoints under the given Azure Front Door profile.."
  },
  {
    "Name": "wait",
    "Type": 1,
    "Attribute": "",
    "Description": "Place the CLI in a waiting state until a condition is met."
  }
]