[
  {
    "Name": "credential",
    "Type": 0,
    "Attribute": "",
    "Description": "Manage an application\u0027s password or certificate credentials."
  },
  {
    "Name": "federated-credential",
    "Type": 0,
    "Attribute": "",
    "Description": "Manage application federated identity credentials."
  },
  {
    "Name": "owner",
    "Type": 0,
    "Attribute": "",
    "Description": "Manage application owners."
  },
  {
    "Name": "permission",
    "Type": 0,
    "Attribute": "",
    "Description": "Manage an application\u0027s OAuth2 permissions."
  },
  {
    "Name": "create",
    "Type": 1,
    "Attribute": "",
    "Description": "Create a web application, web API or native application."
  },
  {
    "Name": "delete",
    "Type": 1,
    "Attribute": "",
    "Description": "Delete an application."
  },
  {
    "Name": "list",
    "Type": 1,
    "Attribute": "",
    "Description": "List applications."
  },
  {
    "Name": "show",
    "Type": 1,
    "Attribute": "",
    "Description": "Get the details of an application."
  },
  {
    "Name": "update",
    "Type": 1,
    "Attribute": "",
    "Description": "Update an application."
  }
]