{
  "Options": [
    {
      "Name": "--all",
      "Alias": null,
      "Short": null,
      "Attribute": "",
      "Description": "List all entities, expect long delay if under a big organization.",
      "Arguments": null
    },
    {
      "Name": "--app-id",
      "Alias": null,
      "Short": null,
      "Attribute": "",
      "Description": "Application id.",
      "Arguments": null
    },
    {
      "Name": "--display-name",
      "Alias": null,
      "Short": null,
      "Attribute": "",
      "Description": "The display name of the application.",
      "Arguments": null
    },
    {
      "Name": "--filter",
      "Alias": null,
      "Short": null,
      "Attribute": "",
      "Description": "OData filter, e.g. --filter \u0022displayname eq \u0027test\u0027 and servicePrincipalType eq \u0027Application\u0027\u0022.",
      "Arguments": null
    },
    {
      "Name": "--identifier-uri",
      "Alias": null,
      "Short": null,
      "Attribute": "",
      "Description": "Graph application identifier, must be in uri format.",
      "Arguments": null
    },
    {
      "Name": "--show-mine",
      "Alias": null,
      "Short": null,
      "Attribute": "",
      "Description": "List entities owned by the current user.",
      "Arguments": null
    },
    {
      "Name": "--debug",
      "Alias": null,
      "Short": null,
      "Attribute": "",
      "Description": "Increase logging verbosity to show all debug logs.",
      "Arguments": null
    },
    {
      "Name": "--help",
      "Alias": null,
      "Short": [
        "-h "
      ],
      "Attribute": "",
      "Description": "Show this help message and exit.",
      "Arguments": null
    },
    {
      "Name": "--only-show-errors",
      "Alias": null,
      "Short": null,
      "Attribute": "",
      "Description": "Only show errors, suppressing warnings.",
      "Arguments": null
    },
    {
      "Name": "--output",
      "Alias": null,
      "Short": [
        "-o "
      ],
      "Attribute": "",
      "Description": "Output format.  Allowed values: json, jsonc, none, table, tsv, yaml, yamlc. Default: json.",
      "Arguments": [
        "json",
        "jsonc",
        "none",
        "table",
        "tsv",
        "yaml",
        "yamlc"
      ]
    },
    {
      "Name": "--query",
      "Alias": null,
      "Short": null,
      "Attribute": "",
      "Description": "JMESPath query string. See http://jmespath.org/ for more information and examples.",
      "Arguments": null
    },
    {
      "Name": "--verbose",
      "Alias": null,
      "Short": null,
      "Attribute": "",
      "Description": "Increase logging verbosity. Use --debug for full debug logs.",
      "Arguments": null
    }
  ],
  "Examples": null,
  "Name": "list",
  "Description": "List applications."
}