{
  "Options": [
    {
      "Name": "--id",
      "Alias": null,
      "Short": null,
      "Attribute": "[Required]",
      "Description": "Identifier uri, application id, or object id.",
      "Arguments": null
    },
    {
      "Name": "--display-name",
      "Alias": null,
      "Short": null,
      "Attribute": "",
      "Description": "The display name of the application.",
      "Arguments": null
    },
    {
      "Name": "--identifier-uris",
      "Alias": null,
      "Short": null,
      "Attribute": "",
      "Description": "Space-separated values. Also known as App ID URI, this value is set when an application is used as a resource app. The identifierUris acts as the prefix for the scopes you\u0027ll reference in your API\u0027s code, and it must be globally unique. You can use the default value provided, which is in the form api://\u003Capplication-client-id\u003E, or specify a more readable URI like https://contoso.com/api.",
      "Arguments": null
    },
    {
      "Name": "--is-fallback-public-client",
      "Alias": null,
      "Short": null,
      "Attribute": "",
      "Description": "Specifies the fallback application type as public client, such as an installed application running on a mobile device. The default value is false which means the fallback application type is confidential client such as a web app.  Allowed values: false, true.",
      "Arguments": null
    },
    {
      "Name": "--sign-in-audience",
      "Alias": null,
      "Short": null,
      "Attribute": "",
      "Description": "Specifies the Microsoft accounts that are supported for the current application.  Allowed values: AzureADMultipleOrgs, AzureADMyOrg, AzureADandPersonalMicrosoftAccount, PersonalMicrosoftAccount.",
      "Arguments": [
        "AzureADMultipleOrgs",
        "AzureADMyOrg",
        "AzureADandPersonalMicrosoftAccount",
        "PersonalMicrosoftAccount"
      ]
    },
    {
      "Name": "--add",
      "Alias": null,
      "Short": null,
      "Attribute": "",
      "Description": "Add an object to a list of objects by specifying a path and key value pairs.  Example: --add property.listProperty \u003Ckey=value, string or JSON string\u003E.",
      "Arguments": null
    },
    {
      "Name": "--force-string",
      "Alias": null,
      "Short": null,
      "Attribute": "",
      "Description": "When using \u0027set\u0027 or \u0027add\u0027, preserve string literals instead of attempting to convert to JSON.",
      "Arguments": null
    },
    {
      "Name": "--remove",
      "Alias": null,
      "Short": null,
      "Attribute": "",
      "Description": "Remove a property or an element from a list.  Example: --remove property.list \u003CindexToRemove\u003E OR --remove propertyToRemove.",
      "Arguments": null
    },
    {
      "Name": "--set",
      "Alias": null,
      "Short": null,
      "Attribute": "",
      "Description": "Update an object by specifying a property path and value to set.  Example: --set property1.property2=\u003Cvalue\u003E.",
      "Arguments": null
    },
    {
      "Name": "--app-roles",
      "Alias": null,
      "Short": null,
      "Attribute": "",
      "Description": "The collection of roles assigned to the application. With app role assignments, these roles can be assigned to users, groups, or service principals associated with other applications. Should be JSON file path or in-line JSON string. See examples for details.",
      "Arguments": null
    },
    {
      "Name": "--optional-claims",
      "Alias": null,
      "Short": null,
      "Attribute": "",
      "Description": "Application developers can configure optional claims in their Azure AD applications to specify the claims that are sent to their application by the Microsoft security token service. For more information, see https://docs.microsoft.com/azure/active- directory/develop/active-directory-optional-claims. Should be JSON file path or in-line JSON string. See examples for details.",
      "Arguments": null
    },
    {
      "Name": "--required-resource-accesses",
      "Alias": null,
      "Short": null,
      "Attribute": "",
      "Description": "Specifies the resources that the application needs to access. This property also specifies the set of delegated permissions and application roles that it needs for each of those resources. This configuration of access to the required resources drives the consent experience. Should be JSON file path or in-line JSON string. See examples for details.",
      "Arguments": null
    },
    {
      "Name": "--end-date",
      "Alias": null,
      "Short": null,
      "Attribute": "",
      "Description": "Date or datetime after which credentials expire (e.g. \u00272017-12-31T11:59:59\u002B00:00\u0027 or \u00272017-12-31\u0027). Default value is one year after current time.",
      "Arguments": null
    },
    {
      "Name": "--key-display-name",
      "Alias": null,
      "Short": null,
      "Attribute": "",
      "Description": "Friendly name for the key.",
      "Arguments": null
    },
    {
      "Name": "--key-type",
      "Alias": null,
      "Short": null,
      "Attribute": "",
      "Description": "The type of the key credentials associated with the application.  Allowed values: AsymmetricX509Cert, Password, Symmetric.  Default: AsymmetricX509Cert.",
      "Arguments": [
        "AsymmetricX509Cert",
        "Password",
        "Symmetric"
      ]
    },
    {
      "Name": "--key-usage",
      "Alias": null,
      "Short": null,
      "Attribute": "",
      "Description": "The usage of the key credentials associated with the application.  Allowed values: Sign, Verify.  Default: Verify.",
      "Arguments": [
        "Sign",
        "Verify"
      ]
    },
    {
      "Name": "--key-value",
      "Alias": null,
      "Short": null,
      "Attribute": "",
      "Description": "The value for the key credentials associated with the application.",
      "Arguments": null
    },
    {
      "Name": "--start-date",
      "Alias": null,
      "Short": null,
      "Attribute": "",
      "Description": "Date or datetime at which credentials become valid (e.g. \u00272017-01-01T01:00:00\u002B00:00\u0027 or \u00272017-01-01\u0027). Default value is current time.",
      "Arguments": null
    },
    {
      "Name": "--public-client-redirect-uris",
      "Alias": null,
      "Short": null,
      "Attribute": "",
      "Description": "Space-separated values. Specifies the URLs where user tokens are sent for sign-in, or the redirect URIs where OAuth 2.0 authorization codes and access tokens are sent.",
      "Arguments": null
    },
    {
      "Name": "--enable-access-token-issuance",
      "Alias": null,
      "Short": null,
      "Attribute": "",
      "Description": "Specifies whether this web application can request an access token using the OAuth 2.0 implicit flow.  Allowed values: false, true.",
      "Arguments": null
    },
    {
      "Name": "--enable-id-token-issuance",
      "Alias": null,
      "Short": null,
      "Attribute": "",
      "Description": "Specifies whether this web application can request an ID token using the OAuth 2.0 implicit flow.  Allowed values: false, true.",
      "Arguments": null
    },
    {
      "Name": "--web-home-page-url",
      "Alias": null,
      "Short": null,
      "Attribute": "",
      "Description": "Home page or landing page of the application.",
      "Arguments": null
    },
    {
      "Name": "--web-redirect-uris",
      "Alias": null,
      "Short": null,
      "Attribute": "",
      "Description": "Space-separated values. Specifies the URLs where user tokens are sent for sign-in, or the redirect URIs where OAuth 2.0 authorization codes and access tokens are sent.",
      "Arguments": null
    },
    {
      "Name": "--debug",
      "Alias": null,
      "Short": null,
      "Attribute": "",
      "Description": "Increase logging verbosity to show all debug logs.",
      "Arguments": null
    },
    {
      "Name": "--help",
      "Alias": null,
      "Short": [
        "-h "
      ],
      "Attribute": "",
      "Description": "Show this help message and exit.",
      "Arguments": null
    },
    {
      "Name": "--only-show-errors",
      "Alias": null,
      "Short": null,
      "Attribute": "",
      "Description": "Only show errors, suppressing warnings.",
      "Arguments": null
    },
    {
      "Name": "--output",
      "Alias": null,
      "Short": [
        "-o "
      ],
      "Attribute": "",
      "Description": "Output format.  Allowed values: json, jsonc, none, table, tsv, yaml, yamlc.  Default: json.",
      "Arguments": [
        "json",
        "jsonc",
        "none",
        "table",
        "tsv",
        "yaml",
        "yamlc"
      ]
    },
    {
      "Name": "--query",
      "Alias": null,
      "Short": null,
      "Attribute": "",
      "Description": "JMESPath query string. See http://jmespath.org/ for more information and examples.",
      "Arguments": null
    },
    {
      "Name": "--verbose",
      "Alias": null,
      "Short": null,
      "Attribute": "",
      "Description": "Increase logging verbosity. Use --debug for full debug logs.",
      "Arguments": null
    }
  ],
  "Examples": null,
  "Name": "update",
  "Description": "Update an application."
}