{
  "Options": [
    {
      "Name": "--name",
      "Alias": null,
      "Short": [
        "-n "
      ],
      "Attribute": "[Required]",
      "Description": "Name of the management group.",
      "Arguments": null
    },
    {
      "Name": "--default-management-group",
      "Alias": null,
      "Short": [
        "-m "
      ],
      "Attribute": "",
      "Description": "Set the default Management Group under which new subscriptions get added in this tenant. Default setting is the Root Management Group.",
      "Arguments": null
    },
    {
      "Name": "--require-authorization-for-group-creation",
      "Alias": null,
      "Short": [
        "-r "
      ],
      "Attribute": "",
      "Description": "Indicate whether RBAC access is required upon group creation under the root Management Group. True means user will require Microsoft.Management/managementGroups/write action on the root Management Group. Default setting is false.",
      "Arguments": null
    },
    {
      "Name": "--debug",
      "Alias": null,
      "Short": null,
      "Attribute": "",
      "Description": "Increase logging verbosity to show all debug logs.",
      "Arguments": null
    },
    {
      "Name": "--help",
      "Alias": null,
      "Short": [
        "-h "
      ],
      "Attribute": "",
      "Description": "Show this help message and exit.",
      "Arguments": null
    },
    {
      "Name": "--only-show-errors",
      "Alias": null,
      "Short": null,
      "Attribute": "",
      "Description": "Only show errors, suppressing warnings.",
      "Arguments": null
    },
    {
      "Name": "--output",
      "Alias": null,
      "Short": [
        "-o "
      ],
      "Attribute": "",
      "Description": "Output format.  Allowed values: json, jsonc, none, table, tsv, yaml, yamlc.  Default: json.",
      "Arguments": [
        "json",
        "jsonc",
        "none",
        "table",
        "tsv",
        "yaml",
        "yamlc"
      ]
    },
    {
      "Name": "--query",
      "Alias": null,
      "Short": null,
      "Attribute": "",
      "Description": "JMESPath query string. See http://jmespath.org/ for more information and examples.",
      "Arguments": null
    },
    {
      "Name": "--verbose",
      "Alias": null,
      "Short": null,
      "Attribute": "",
      "Description": "Increase logging verbosity. Use --debug for full debug logs.",
      "Arguments": null
    }
  ],
  "Examples": null,
  "Name": "create",
  "Description": "Create hierarchy settings defined at the Management Group level."
}