[
  {
    "Name": "create",
    "Type": 1,
    "Attribute": "",
    "Description": "Create hierarchy settings defined at the Management Group level."
  },
  {
    "Name": "delete",
    "Type": 1,
    "Attribute": "",
    "Description": "Delete the hierarchy settings defined at the Management Group level."
  },
  {
    "Name": "list",
    "Type": 1,
    "Attribute": "",
    "Description": "Get all the hierarchy settings defined at the Management Group level."
  },
  {
    "Name": "update",
    "Type": 1,
    "Attribute": "",
    "Description": "Update the hierarchy settings defined at the Management Group level."
  }
]