{
  "Options": [
    {
      "Name": "--custom-domain-name",
      "Alias": [
        "--name "
      ],
      "Short": [
        "-n "
      ],
      "Attribute": "[Required]",
      "Description": "Name of the domain under the profile which is unique globally.",
      "Arguments": null
    },
    {
      "Name": "--profile-name",
      "Alias": null,
      "Short": null,
      "Attribute": "[Required]",
      "Description": "Name of the Azure Front Door Standard or Azure Front Door Premium profile which is unique within the resource group.",
      "Arguments": null
    },
    {
      "Name": "--resource-group",
      "Alias": null,
      "Short": [
        "-g "
      ],
      "Attribute": "[Required]",
      "Description": "Name of resource group. You can configure the default group using \u0060az configure --defaults group=\u003Cname\u003E\u0060.",
      "Arguments": null
    },
    {
      "Name": "--no-wait",
      "Alias": null,
      "Short": null,
      "Attribute": "",
      "Description": "Do not wait for the long-running operation to finish.  Allowed values: 0, 1, f, false, n, no, t, true, y, yes.",
      "Arguments": [
        "0",
        "1",
        "f",
        "false",
        "n",
        "no",
        "t",
        "true",
        "y",
        "yes"
      ]
    },
    {
      "Name": "--azure-dns-zone",
      "Alias": null,
      "Short": null,
      "Attribute": "",
      "Description": "ID of the Azure DNS zone.",
      "Arguments": null
    },
    {
      "Name": "--host-name",
      "Alias": null,
      "Short": null,
      "Attribute": "",
      "Description": "The host name of the domain. Must be a domain name.",
      "Arguments": null
    },
    {
      "Name": "--secret",
      "Alias": null,
      "Short": null,
      "Attribute": "",
      "Description": "Resource reference to the secret. ie. subs/rg/profile/secret.",
      "Arguments": null
    },
    {
      "Name": "--certificate-type",
      "Alias": null,
      "Short": null,
      "Attribute": "",
      "Description": "Defines the source of the SSL certificate.  Allowed values: AzureFirstPartyManagedCertificate, CustomerCertificate, ManagedCertificate.",
      "Arguments": [
        "AzureFirstPartyManagedCertificate",
        "CustomerCertificate",
        "ManagedCertificate"
      ]
    },
    {
      "Name": "--minimum-tls-version",
      "Alias": null,
      "Short": null,
      "Attribute": "",
      "Description": "TLS protocol version that will be used for Https. Allowed values: TLS10, TLS12.",
      "Arguments": [
        "TLS10",
        "TLS12"
      ]
    },
    {
      "Name": "--debug",
      "Alias": null,
      "Short": null,
      "Attribute": "",
      "Description": "Increase logging verbosity to show all debug logs.",
      "Arguments": null
    },
    {
      "Name": "--help",
      "Alias": null,
      "Short": [
        "-h "
      ],
      "Attribute": "",
      "Description": "Show this help message and exit.",
      "Arguments": null
    },
    {
      "Name": "--only-show-errors",
      "Alias": null,
      "Short": null,
      "Attribute": "",
      "Description": "Only show errors, suppressing warnings.",
      "Arguments": null
    },
    {
      "Name": "--output",
      "Alias": null,
      "Short": [
        "-o "
      ],
      "Attribute": "",
      "Description": "Output format.  Allowed values: json, jsonc, none, table, tsv, yaml, yamlc.  Default: json.",
      "Arguments": [
        "json",
        "jsonc",
        "none",
        "table",
        "tsv",
        "yaml",
        "yamlc"
      ]
    },
    {
      "Name": "--query",
      "Alias": null,
      "Short": null,
      "Attribute": "",
      "Description": "JMESPath query string. See http://jmespath.org/ for more information and examples.",
      "Arguments": null
    },
    {
      "Name": "--subscription",
      "Alias": null,
      "Short": null,
      "Attribute": "",
      "Description": "Name or ID of subscription. You can configure the default subscription using \u0060az account set -s NAME_OR_ID\u0060.",
      "Arguments": null
    },
    {
      "Name": "--verbose",
      "Alias": null,
      "Short": null,
      "Attribute": "",
      "Description": "Increase logging verbosity. Use --debug for full debug logs.",
      "Arguments": null
    }
  ],
  "Examples": null,
  "Name": "create",
  "Description": "Create a new domain within the specified profile."
}