[
  {
    "Name": "create",
    "Type": 1,
    "Attribute": "",
    "Description": "Create a new domain within the specified profile."
  },
  {
    "Name": "delete",
    "Type": 1,
    "Attribute": "",
    "Description": "Delete an existing AzureFrontDoor domain with the specified domain name under the specified subscription, resource group and profile."
  },
  {
    "Name": "list",
    "Type": 1,
    "Attribute": "",
    "Description": "List existing AzureFrontDoor domains."
  },
  {
    "Name": "regenerate-validation-token",
    "Type": 1,
    "Attribute": "",
    "Description": "Updates the domain validation token."
  },
  {
    "Name": "show",
    "Type": 1,
    "Attribute": "",
    "Description": "Get an existing AzureFrontDoor domain with the specified domain name under the specified subscription, resource group and profile."
  },
  {
    "Name": "update",
    "Type": 1,
    "Attribute": "",
    "Description": "Update a new domain within the specified profile."
  },
  {
    "Name": "wait",
    "Type": 1,
    "Attribute": "",
    "Description": "Place the CLI in a waiting state until a condition is met."
  }
]