[
  {
    "Name": "create",
    "Type": 1,
    "Attribute": "",
    "Description": "Create a subscription lock."
  },
  {
    "Name": "delete",
    "Type": 1,
    "Attribute": "",
    "Description": "Delete a subscription lock."
  },
  {
    "Name": "list",
    "Type": 1,
    "Attribute": "",
    "Description": "List lock information in the subscription."
  },
  {
    "Name": "show",
    "Type": 1,
    "Attribute": "",
    "Description": "Show the details of a subscription lock."
  },
  {
    "Name": "update",
    "Type": 1,
    "Attribute": "",
    "Description": "Update a subscription lock."
  }
]