{
  "Options": [
    {
      "Name": "--name",
      "Alias": [
        "--origin-group-name "
      ],
      "Short": [
        "-n "
      ],
      "Attribute": "[Required]",
      "Description": "Name of the origin group which is unique within the endpoint.",
      "Arguments": null
    },
    {
      "Name": "--profile-name",
      "Alias": null,
      "Short": null,
      "Attribute": "[Required]",
      "Description": "Name of the Azure Front Door Standard or Azure Front Door Premium profile which is unique within the resource group.",
      "Arguments": null
    },
    {
      "Name": "--resource-group",
      "Alias": null,
      "Short": [
        "-g "
      ],
      "Attribute": "[Required]",
      "Description": "Name of resource group. You can configure the default group using \u0060az configure --defaults group=\u003Cname\u003E\u0060.",
      "Arguments": null
    },
    {
      "Name": "--no-wait",
      "Alias": null,
      "Short": null,
      "Attribute": "",
      "Description": "Do not wait for the long-running operation to finish. Allowed values: 0, 1, f, false, n, no, t, true, y, yes.",
      "Arguments": [
        "0",
        "1",
        "f",
        "false",
        "n",
        "no",
        "t",
        "true",
        "y",
        "yes"
      ]
    },
    {
      "Name": "--probe-interval-in-seconds",
      "Alias": null,
      "Short": null,
      "Attribute": "",
      "Description": "The number of seconds between health probes.Default is 240sec.",
      "Arguments": null
    },
    {
      "Name": "--probe-path",
      "Alias": null,
      "Short": null,
      "Attribute": "",
      "Description": "The path relative to the origin that is used to determine the health of the origin.",
      "Arguments": null
    },
    {
      "Name": "--probe-protocol",
      "Alias": null,
      "Short": null,
      "Attribute": "",
      "Description": "Protocol to use for health probe.  Allowed values: Http, Https, NotSet.",
      "Arguments": [
        "Http",
        "Https",
        "NotSet"
      ]
    },
    {
      "Name": "--probe-request-type",
      "Alias": null,
      "Short": null,
      "Attribute": "",
      "Description": "The type of health probe request that is made. Allowed values: GET, HEAD, NotSet.",
      "Arguments": [
        "GET",
        "HEAD",
        "NotSet"
      ]
    },
    {
      "Name": "--additional-latency-in-milliseconds",
      "Alias": null,
      "Short": null,
      "Attribute": "",
      "Description": "The additional latency in milliseconds for probes to fall into the lowest latency bucket.",
      "Arguments": null
    },
    {
      "Name": "--sample-size",
      "Alias": null,
      "Short": null,
      "Attribute": "",
      "Description": "The number of samples to consider for load balancing decisions.",
      "Arguments": null
    },
    {
      "Name": "--successful-samples-required",
      "Alias": null,
      "Short": null,
      "Attribute": "",
      "Description": "The number of samples within the sample period that must succeed.",
      "Arguments": null
    },
    {
      "Name": "--debug",
      "Alias": null,
      "Short": null,
      "Attribute": "",
      "Description": "Increase logging verbosity to show all debug logs.",
      "Arguments": null
    },
    {
      "Name": "--help",
      "Alias": null,
      "Short": [
        "-h "
      ],
      "Attribute": "",
      "Description": "Show this help message and exit.",
      "Arguments": null
    },
    {
      "Name": "--only-show-errors",
      "Alias": null,
      "Short": null,
      "Attribute": "",
      "Description": "Only show errors, suppressing warnings.",
      "Arguments": null
    },
    {
      "Name": "--output",
      "Alias": null,
      "Short": [
        "-o "
      ],
      "Attribute": "",
      "Description": "Output format.  Allowed values: json, jsonc, none, table, tsv, yaml, yamlc.  Default: json.",
      "Arguments": [
        "json",
        "jsonc",
        "none",
        "table",
        "tsv",
        "yaml",
        "yamlc"
      ]
    },
    {
      "Name": "--query",
      "Alias": null,
      "Short": null,
      "Attribute": "",
      "Description": "JMESPath query string. See http://jmespath.org/ for more information and examples.",
      "Arguments": null
    },
    {
      "Name": "--subscription",
      "Alias": null,
      "Short": null,
      "Attribute": "",
      "Description": "Name or ID of subscription. You can configure the default subscription using \u0060az account set -s NAME_OR_ID\u0060.",
      "Arguments": null
    },
    {
      "Name": "--verbose",
      "Alias": null,
      "Short": null,
      "Attribute": "",
      "Description": "Increase logging verbosity. Use --debug for full debug logs.",
      "Arguments": null
    }
  ],
  "Examples": null,
  "Name": "create",
  "Description": "Create a new origin group within the specified profile."
}