[
  {
    "Name": "create",
    "Type": 1,
    "Attribute": "",
    "Description": "Create a new security policy within the specified profile."
  },
  {
    "Name": "delete",
    "Type": 1,
    "Attribute": "",
    "Description": "Delete an existing security policy within profile."
  },
  {
    "Name": "list",
    "Type": 1,
    "Attribute": "",
    "Description": "List security policies associated with the profile."
  },
  {
    "Name": "show",
    "Type": 1,
    "Attribute": "",
    "Description": "Get an existing security policy within a profile."
  },
  {
    "Name": "update",
    "Type": 1,
    "Attribute": "",
    "Description": "Update a new security policy within the specified profile."
  },
  {
    "Name": "wait",
    "Type": 1,
    "Attribute": "",
    "Description": "Place the CLI in a waiting state until a condition is met."
  }
]