{
  "Options": [
    {
      "Name": "--ids",
      "Alias": null,
      "Short": null,
      "Attribute": "",
      "Description": "One or more resource IDs (space-delimited). It should be a complete resource ID containing all information of \u0027Resource Id\u0027 arguments. You should provide either --ids or other \u0027Resource Id\u0027 arguments.",
      "Arguments": null
    },
    {
      "Name": "--name",
      "Alias": [
        "--security-policy-name "
      ],
      "Short": [
        "-n "
      ],
      "Attribute": "",
      "Description": "Name of the security policy under the profile.",
      "Arguments": null
    },
    {
      "Name": "--profile-name",
      "Alias": null,
      "Short": null,
      "Attribute": "",
      "Description": "Name of the Azure Front Door Standard or Azure Front Door Premium profile which is unique within the resource group.",
      "Arguments": null
    },
    {
      "Name": "--resource-group",
      "Alias": null,
      "Short": [
        "-g "
      ],
      "Attribute": "",
      "Description": "Name of resource group. You can configure the default group using \u0060az configure --defaults group=\u003Cname\u003E\u0060.",
      "Arguments": null
    },
    {
      "Name": "--subscription",
      "Alias": null,
      "Short": null,
      "Attribute": "",
      "Description": "Name or ID of subscription. You can configure the default subscription using \u0060az account set -s NAME_OR_ID\u0060.",
      "Arguments": null
    },
    {
      "Name": "--created",
      "Alias": null,
      "Short": null,
      "Attribute": "",
      "Description": "Wait until created with \u0027provisioningState\u0027 at \u0027Succeeded\u0027.",
      "Arguments": null
    },
    {
      "Name": "--custom",
      "Alias": null,
      "Short": null,
      "Attribute": "",
      "Description": "Wait until the condition satisfies a custom JMESPath query. E.g. provisioningState!=\u0027InProgress\u0027, instanceView.statuses[?code==\u0027PowerState/running\u0027].",
      "Arguments": null
    },
    {
      "Name": "--deleted",
      "Alias": null,
      "Short": null,
      "Attribute": "",
      "Description": "Wait until deleted.",
      "Arguments": null
    },
    {
      "Name": "--exists",
      "Alias": null,
      "Short": null,
      "Attribute": "",
      "Description": "Wait until the resource exists.",
      "Arguments": null
    },
    {
      "Name": "--interval",
      "Alias": null,
      "Short": null,
      "Attribute": "",
      "Description": "Polling interval in seconds.  Default: 30.",
      "Arguments": null
    },
    {
      "Name": "--timeout",
      "Alias": null,
      "Short": null,
      "Attribute": "",
      "Description": "Maximum wait in seconds.  Default: 3600.",
      "Arguments": null
    },
    {
      "Name": "--updated",
      "Alias": null,
      "Short": null,
      "Attribute": "",
      "Description": "Wait until updated with provisioningState at \u0027Succeeded\u0027.",
      "Arguments": null
    },
    {
      "Name": "--debug",
      "Alias": null,
      "Short": null,
      "Attribute": "",
      "Description": "Increase logging verbosity to show all debug logs.",
      "Arguments": null
    },
    {
      "Name": "--help",
      "Alias": null,
      "Short": [
        "-h "
      ],
      "Attribute": "",
      "Description": "Show this help message and exit.",
      "Arguments": null
    },
    {
      "Name": "--only-show-errors",
      "Alias": null,
      "Short": null,
      "Attribute": "",
      "Description": "Only show errors, suppressing warnings.",
      "Arguments": null
    },
    {
      "Name": "--output",
      "Alias": null,
      "Short": [
        "-o "
      ],
      "Attribute": "",
      "Description": "Output format.  Allowed values: json, jsonc, none, table, tsv, yaml, yamlc.  Default: json.",
      "Arguments": [
        "json",
        "jsonc",
        "none",
        "table",
        "tsv",
        "yaml",
        "yamlc"
      ]
    },
    {
      "Name": "--query",
      "Alias": null,
      "Short": null,
      "Attribute": "",
      "Description": "JMESPath query string. See http://jmespath.org/ for more information and examples.",
      "Arguments": null
    },
    {
      "Name": "--verbose",
      "Alias": null,
      "Short": null,
      "Attribute": "",
      "Description": "Increase logging verbosity. Use --debug for full debug logs.",
      "Arguments": null
    }
  ],
  "Examples": null,
  "Name": "wait",
  "Description": "Place the CLI in a waiting state until a condition is met."
}