[
  {
    "Name": "authentication-as-arm",
    "Type": 0,
    "Attribute": "[Preview]",
    "Description": "Manage \u0027Azure AD authenticate as ARM\u0027 policy for Azure Container Registries."
  },
  {
    "Name": "content-trust",
    "Type": 0,
    "Attribute": "",
    "Description": "Manage content-trust policy for Azure Container Registries."
  },
  {
    "Name": "retention",
    "Type": 0,
    "Attribute": "[Preview]",
    "Description": "Manage retention policy for Azure Container Registries."
  },
  {
    "Name": "soft-delete",
    "Type": 0,
    "Attribute": "[Preview]",
    "Description": "Manage soft-delete policy for Azure Container Registries."
  }
]