{
  "Options": [
    {
      "Name": "--name",
      "Alias": [
        "--rule-name "
      ],
      "Short": [
        "-n "
      ],
      "Attribute": "[Required]",
      "Description": "Name of the delivery rule which is unique within the endpoint.",
      "Arguments": null
    },
    {
      "Name": "--profile-name",
      "Alias": null,
      "Short": null,
      "Attribute": "[Required]",
      "Description": "Name of the Azure Front Door Standard or Azure Front Door Premium profile which is unique within the resource group.",
      "Arguments": null
    },
    {
      "Name": "--resource-group",
      "Alias": null,
      "Short": [
        "-g "
      ],
      "Attribute": "[Required]",
      "Description": "Name of resource group. You can configure the default group using \u0060az configure --defaults group=\u003Cname\u003E\u0060.",
      "Arguments": null
    },
    {
      "Name": "--rule-set-name",
      "Alias": null,
      "Short": null,
      "Attribute": "[Required]",
      "Description": "Name of the rule set under the profile.",
      "Arguments": null
    },
    {
      "Name": "--action-name",
      "Alias": null,
      "Short": null,
      "Attribute": "",
      "Description": "The name of the action for the delivery rule: https://docs.microsoft.com/en-us/azure/frontdoor/front-door- rules-engine-actions.",
      "Arguments": null
    },
    {
      "Name": "--cache-behavior",
      "Alias": null,
      "Short": null,
      "Attribute": "",
      "Description": "Caching behavior for the requests.",
      "Arguments": null
    },
    {
      "Name": "--cache-duration",
      "Alias": null,
      "Short": null,
      "Attribute": "",
      "Description": "The duration for which the content needs to be cached. Allowed format is [d.]hh:mm:ss.",
      "Arguments": null
    },
    {
      "Name": "--custom-fragment",
      "Alias": null,
      "Short": null,
      "Attribute": "",
      "Description": "Fragment to add to the redirect URL.",
      "Arguments": null
    },
    {
      "Name": "--custom-hostname",
      "Alias": null,
      "Short": null,
      "Attribute": "",
      "Description": "Host to redirect. Leave empty to use the incoming host as the destination host.",
      "Arguments": null
    },
    {
      "Name": "--custom-path",
      "Alias": null,
      "Short": null,
      "Attribute": "",
      "Description": "The full path to redirect. Path cannot be empty and must start with /.Leave empty to use the incoming path as destination pat.",
      "Arguments": null
    },
    {
      "Name": "--custom-querystring",
      "Alias": null,
      "Short": null,
      "Attribute": "",
      "Description": "The set of query strings to be placed in the redirect URL.leave empty to preserve the incoming query string.",
      "Arguments": null
    },
    {
      "Name": "--destination",
      "Alias": null,
      "Short": null,
      "Attribute": "",
      "Description": "The destination path to be used in the rewrite.",
      "Arguments": null
    },
    {
      "Name": "--enable-caching",
      "Alias": null,
      "Short": null,
      "Attribute": "",
      "Description": "Indicates whether to enable caching on the route.  Allowed values: 0, 1, f, false, n, no, t, true, y, yes.",
      "Arguments": [
        "0",
        "1",
        "f",
        "false",
        "n",
        "no",
        "t",
        "true",
        "y",
        "yes"
      ]
    },
    {
      "Name": "--enable-compression",
      "Alias": null,
      "Short": null,
      "Attribute": "",
      "Description": "Indicates whether content compression is enabled on AzureFrontDoor. Default value is false.If compression is enabled, content will be served as compressed if user requests for a compressed version.Content won\u0027t be compressed on AzureFrontDoorwhen requested content is smaller than 1 byte or larger than 1 MB.  Allowed values: 0, 1, f, false, n, no, t, true, y, yes.",
      "Arguments": [
        "0",
        "1",
        "f",
        "false",
        "n",
        "no",
        "t",
        "true",
        "y",
        "yes"
      ]
    },
    {
      "Name": "--forwarding-protocol",
      "Alias": null,
      "Short": null,
      "Attribute": "",
      "Description": "Protocol this rule will use when forwarding traffic to backends.",
      "Arguments": null
    },
    {
      "Name": "--header-action",
      "Alias": null,
      "Short": null,
      "Attribute": "",
      "Description": "Header action for the requests.",
      "Arguments": null
    },
    {
      "Name": "--header-name",
      "Alias": null,
      "Short": null,
      "Attribute": "",
      "Description": "Name of the header to modify.",
      "Arguments": null
    },
    {
      "Name": "--header-value",
      "Alias": null,
      "Short": null,
      "Attribute": "",
      "Description": "Value of the header.",
      "Arguments": null
    },
    {
      "Name": "--match-values",
      "Alias": null,
      "Short": null,
      "Attribute": "",
      "Description": "Match values of the match condition. e.g, space separated values \u0027GET\u0027 \u0027HTTP\u0027.  Support shorthand-syntax, json-file and yaml-file. Try \u0022??\u0022 to show more.",
      "Arguments": null
    },
    {
      "Name": "--match-variable",
      "Alias": null,
      "Short": null,
      "Attribute": "",
      "Description": "Name of the match condition: https://docs.microsoft.com/en- us/azure/frontdoor/rules-match-conditions.",
      "Arguments": null
    },
    {
      "Name": "--negate-condition",
      "Alias": null,
      "Short": null,
      "Attribute": "",
      "Description": "If true, negates the condition.  Allowed values: 0, 1, f, false, n, no, t, true, y, yes.",
      "Arguments": [
        "0",
        "1",
        "f",
        "false",
        "n",
        "no",
        "t",
        "true",
        "y",
        "yes"
      ]
    },
    {
      "Name": "--no-wait",
      "Alias": null,
      "Short": null,
      "Attribute": "",
      "Description": "Do not wait for the long-running operation to finish. Allowed values: 0, 1, f, false, n, no, t, true, y, yes.",
      "Arguments": [
        "0",
        "1",
        "f",
        "false",
        "n",
        "no",
        "t",
        "true",
        "y",
        "yes"
      ]
    },
    {
      "Name": "--operator",
      "Alias": null,
      "Short": null,
      "Attribute": "",
      "Description": "Operator of the match condition.",
      "Arguments": null
    },
    {
      "Name": "--origin-group",
      "Alias": null,
      "Short": null,
      "Attribute": "",
      "Description": "Name or ID of the OriginGroup that would override the default OriginGroup.",
      "Arguments": null
    },
    {
      "Name": "--preserve-unmatched-path",
      "Alias": null,
      "Short": null,
      "Attribute": "",
      "Description": "If True, the remaining path after the source pattern will be appended to the new destination path.  Allowed values: 0, 1, f, false, n, no, t, true, y, yes.",
      "Arguments": [
        "0",
        "1",
        "f",
        "false",
        "n",
        "no",
        "t",
        "true",
        "y",
        "yes"
      ]
    },
    {
      "Name": "--query-parameters",
      "Alias": null,
      "Short": null,
      "Attribute": "",
      "Description": "Query parameters to include or exclude.  Support shorthand- syntax, json-file and yaml-file. Try \u0022??\u0022 to show more.",
      "Arguments": null
    },
    {
      "Name": "--query-string-caching-behavior",
      "Alias": null,
      "Short": null,
      "Attribute": "",
      "Description": "Defines how CDN caches requests that include query strings.You can ignore any query strings when caching,bypass caching to prevent requests that contain query strings from being cached,or cache every request with a unique URL.",
      "Arguments": null
    },
    {
      "Name": "--redirect-protocol",
      "Alias": null,
      "Short": null,
      "Attribute": "",
      "Description": "Protocol to use for the redirect.",
      "Arguments": null
    },
    {
      "Name": "--redirect-type",
      "Alias": null,
      "Short": null,
      "Attribute": "",
      "Description": "The redirect type the rule will use when redirecting traffic.",
      "Arguments": null
    },
    {
      "Name": "--selector",
      "Alias": null,
      "Short": null,
      "Attribute": "",
      "Description": "Selector of the match condition.",
      "Arguments": null
    },
    {
      "Name": "--source-pattern",
      "Alias": null,
      "Short": null,
      "Attribute": "",
      "Description": "A request URI pattern that identifies the type of requests that may be rewritten.",
      "Arguments": null
    },
    {
      "Name": "--transforms",
      "Alias": null,
      "Short": null,
      "Attribute": "",
      "Description": "Transform to apply before matching.  Support shorthand- syntax, json-file and yaml-file. Try \u0022??\u0022 to show more.",
      "Arguments": null
    },
    {
      "Name": "--match-processing-behavior",
      "Alias": null,
      "Short": null,
      "Attribute": "",
      "Description": "If this rule is a match should the rules engine continue running the remaining rules or stop. If not present, defaults to Continue.  Allowed values: Continue, Stop.  Default: Continue.",
      "Arguments": [
        "Continue",
        "Stop"
      ]
    },
    {
      "Name": "--order",
      "Alias": null,
      "Short": null,
      "Attribute": "",
      "Description": "The order in which the rules are applied for the endpoint. Possible values {0,1,2,3,\u00E2\u20AC\u00A6\u00E2\u20AC\u00A6\u00E2\u20AC\u00A6}. A rule with a lesser order will be applied before a rule with a greater order. Rule with order 0 is a special rule. It does not require any condition and actions listed in it will always be applied.",
      "Arguments": null
    },
    {
      "Name": "--debug",
      "Alias": null,
      "Short": null,
      "Attribute": "",
      "Description": "Increase logging verbosity to show all debug logs.",
      "Arguments": null
    },
    {
      "Name": "--help",
      "Alias": null,
      "Short": [
        "-h "
      ],
      "Attribute": "",
      "Description": "Show this help message and exit.",
      "Arguments": null
    },
    {
      "Name": "--only-show-errors",
      "Alias": null,
      "Short": null,
      "Attribute": "",
      "Description": "Only show errors, suppressing warnings.",
      "Arguments": null
    },
    {
      "Name": "--output",
      "Alias": null,
      "Short": [
        "-o "
      ],
      "Attribute": "",
      "Description": "Output format.  Allowed values: json, jsonc, none, table, tsv, yaml, yamlc.  Default: json.",
      "Arguments": [
        "json",
        "jsonc",
        "none",
        "table",
        "tsv",
        "yaml",
        "yamlc"
      ]
    },
    {
      "Name": "--query",
      "Alias": null,
      "Short": null,
      "Attribute": "",
      "Description": "JMESPath query string. See http://jmespath.org/ for more information and examples.",
      "Arguments": null
    },
    {
      "Name": "--subscription",
      "Alias": null,
      "Short": null,
      "Attribute": "",
      "Description": "Name or ID of subscription. You can configure the default subscription using \u0060az account set -s NAME_OR_ID\u0060.",
      "Arguments": null
    },
    {
      "Name": "--verbose",
      "Alias": null,
      "Short": null,
      "Attribute": "",
      "Description": "Increase logging verbosity. Use --debug for full debug logs.",
      "Arguments": null
    }
  ],
  "Examples": null,
  "Name": "create",
  "Description": "Create a new delivery rule within the specified rule set."
}