[
  {
    "Name": "action",
    "Type": 0,
    "Attribute": "",
    "Description": "Manage delivery rule actions for a rule."
  },
  {
    "Name": "condition",
    "Type": 0,
    "Attribute": "",
    "Description": "Manage delivery rule conditions for a rule."
  },
  {
    "Name": "create",
    "Type": 1,
    "Attribute": "",
    "Description": "Create a new delivery rule within the specified rule set."
  },
  {
    "Name": "delete",
    "Type": 1,
    "Attribute": "",
    "Description": "Delete an existing delivery rule within a rule set."
  },
  {
    "Name": "list",
    "Type": 1,
    "Attribute": "",
    "Description": "List all of the existing delivery rules within a rule set."
  },
  {
    "Name": "show",
    "Type": 1,
    "Attribute": "",
    "Description": "Get an existing delivery rule within a rule set."
  },
  {
    "Name": "update",
    "Type": 1,
    "Attribute": "",
    "Description": "Update a new delivery rule within the specified rule set."
  },
  {
    "Name": "wait",
    "Type": 1,
    "Attribute": "",
    "Description": "Place the CLI in a waiting state until a condition is met."
  }
]