{
  "Options": [
    {
      "Name": "--no-wait",
      "Alias": null,
      "Short": null,
      "Attribute": "",
      "Description": "Do not wait for the long-running operation to finish.  Allowed values: 0, 1, f, false, n, no, t, true, y, yes.",
      "Arguments": [
        "0",
        "1",
        "f",
        "false",
        "n",
        "no",
        "t",
        "true",
        "y",
        "yes"
      ]
    },
    {
      "Name": "--add",
      "Alias": null,
      "Short": null,
      "Attribute": "",
      "Description": "Add an object to a list of objects by specifying a path and key value pairs.  Example: --add property.listProperty \u003Ckey=value, string or JSON string\u003E.",
      "Arguments": null
    },
    {
      "Name": "--force-string",
      "Alias": null,
      "Short": null,
      "Attribute": "",
      "Description": "When using \u0027set\u0027 or \u0027add\u0027, preserve string literals instead of attempting to convert to JSON.  Allowed values: 0, 1, f, false, n, no, t, true, y, yes.",
      "Arguments": [
        "0",
        "1",
        "f",
        "false",
        "n",
        "no",
        "t",
        "true",
        "y",
        "yes"
      ]
    },
    {
      "Name": "--remove",
      "Alias": null,
      "Short": null,
      "Attribute": "",
      "Description": "Remove a property or an element from a list.  Example: --remove property.list \u003CindexToRemove\u003E OR --remove propertyToRemove.",
      "Arguments": null
    },
    {
      "Name": "--set",
      "Alias": null,
      "Short": null,
      "Attribute": "",
      "Description": "Update an object by specifying a property path and value to set. Example: --set property1.property2=\u003Cvalue\u003E.",
      "Arguments": null
    },
    {
      "Name": "--actions",
      "Alias": null,
      "Short": null,
      "Attribute": "",
      "Description": "A list of actions that are executed when all the conditions of a rule are satisfied.  Support shorthand-syntax, json-file and yaml- file. Try \u0022??\u0022 to show more.",
      "Arguments": null
    },
    {
      "Name": "--conditions",
      "Alias": null,
      "Short": null,
      "Attribute": "",
      "Description": "A list of conditions that must be matched for the actions to be executed  Support shorthand-syntax, json-file and yaml-file. Try \u0022??\u0022 to show more.",
      "Arguments": null
    },
    {
      "Name": "--match-processing-behavior",
      "Alias": null,
      "Short": null,
      "Attribute": "",
      "Description": "If this rule is a match should the rules engine continue running the remaining rules or stop. If not present, defaults to Continue. Allowed values: Continue, Stop.",
      "Arguments": [
        "Continue",
        "Stop"
      ]
    },
    {
      "Name": "--order",
      "Alias": null,
      "Short": null,
      "Attribute": "",
      "Description": "The order in which the rules are applied for the endpoint. Possible values {0,1,2,3,\u00C3\u0192\u00C6\u2019\u00C3\u201A\u00C2\u00A2\u00C3\u0192\u00C2\u00A2\u00C3\u00A2\u00E2\u201A\u00AC\u00C5\u00A1 \u00C3\u201A\u00C2\u00AC\u00C3\u0192\u00E2\u20AC\u0161\u00C3\u201A\u00C2\u00A6\u00C3\u0192\u00C6\u2019\u00C3\u201A\u00C2\u00A2\u00C3\u0192\u00C2\u00A2\u00C3\u00A2\u00E2\u201A\u00AC \u00C5\u00A1\u00C3\u201A\u00C2\u00AC\u00C3\u0192\u00E2\u20AC\u0161\u00C3\u201A\u00C2\u00A6\u00C3\u0192\u00C6\u2019\u00C3\u201A\u00C2\u00A2\u00C3\u0192\u00C2\u00A2\u00C3\u00A2\u00E2\uFFFD \uFFFD\uFFFD\u00AC\u00C5\u00A1\u00C3\u201A\u00C2\u00AC\u00C3\u0192\u00E2\u20AC\u0161\u00C3\u201A\u00C2\u00A6}. A rule with a lesser order will be applied before a rule with a greater order. Rule with order 0 is a special rule. It does not require any condition and actions listed in it will always be applied.",
      "Arguments": null
    },
    {
      "Name": "--ids",
      "Alias": null,
      "Short": null,
      "Attribute": "",
      "Description": "One or more resource IDs (space-delimited). It should be a complete resource ID containing all information of \u0027Resource Id\u0027 arguments. You should provide either --ids or other \u0027Resource Id\u0027 arguments.",
      "Arguments": null
    },
    {
      "Name": "--name",
      "Alias": [
        "--rule-name "
      ],
      "Short": [
        "-n "
      ],
      "Attribute": "",
      "Description": "Name of the delivery rule which is unique within the endpoint.",
      "Arguments": null
    },
    {
      "Name": "--profile-name",
      "Alias": null,
      "Short": null,
      "Attribute": "",
      "Description": "Name of the Azure Front Door Standard or Azure Front Door Premium profile which is unique within the resource group.",
      "Arguments": null
    },
    {
      "Name": "--resource-group",
      "Alias": null,
      "Short": [
        "-g "
      ],
      "Attribute": "",
      "Description": "Name of resource group. You can configure the default group using \u0060az configure --defaults group=\u003Cname\u003E\u0060.",
      "Arguments": null
    },
    {
      "Name": "--rule-set-name",
      "Alias": null,
      "Short": null,
      "Attribute": "",
      "Description": "Name of the rule set under the profile.",
      "Arguments": null
    },
    {
      "Name": "--subscription",
      "Alias": null,
      "Short": null,
      "Attribute": "",
      "Description": "Name or ID of subscription. You can configure the default subscription using \u0060az account set -s NAME_OR_ID\u0060.",
      "Arguments": null
    },
    {
      "Name": "--debug",
      "Alias": null,
      "Short": null,
      "Attribute": "",
      "Description": "Increase logging verbosity to show all debug logs.",
      "Arguments": null
    },
    {
      "Name": "--help",
      "Alias": null,
      "Short": [
        "-h "
      ],
      "Attribute": "",
      "Description": "Show this help message and exit.",
      "Arguments": null
    },
    {
      "Name": "--only-show-errors",
      "Alias": null,
      "Short": null,
      "Attribute": "",
      "Description": "Only show errors, suppressing warnings.",
      "Arguments": null
    },
    {
      "Name": "--output",
      "Alias": null,
      "Short": [
        "-o "
      ],
      "Attribute": "",
      "Description": "Output format.  Allowed values: json, jsonc, none, table, tsv, yaml, yamlc.  Default: json.",
      "Arguments": [
        "json",
        "jsonc",
        "none",
        "table",
        "tsv",
        "yaml",
        "yamlc"
      ]
    },
    {
      "Name": "--query",
      "Alias": null,
      "Short": null,
      "Attribute": "",
      "Description": "JMESPath query string. See http://jmespath.org/ for more information and examples.",
      "Arguments": null
    },
    {
      "Name": "--verbose",
      "Alias": null,
      "Short": null,
      "Attribute": "",
      "Description": "Increase logging verbosity. Use --debug for full debug logs.",
      "Arguments": null
    }
  ],
  "Examples": null,
  "Name": "update",
  "Description": "Update a new delivery rule within the specified rule set."
}