[
  {
    "Name": "custom-domain",
    "Type": 0,
    "Attribute": "",
    "Description": "Manage custom domains within the specified profile."
  },
  {
    "Name": "endpoint",
    "Type": 0,
    "Attribute": "",
    "Description": "Manage AFD endpoints within the specified profile.  An endpoint is a logical grouping of domains and their associated configurations."
  },
  {
    "Name": "log-analytic",
    "Type": 0,
    "Attribute": "",
    "Description": "Manage afd log analytic results."
  },
  {
    "Name": "origin",
    "Type": 0,
    "Attribute": "",
    "Description": "Manage origins within the specified origin group."
  },
  {
    "Name": "origin-group",
    "Type": 0,
    "Attribute": "",
    "Description": "Manage origin groups under the specified profile."
  },
  {
    "Name": "profile",
    "Type": 0,
    "Attribute": "",
    "Description": "Manage AFD profiles."
  },
  {
    "Name": "route",
    "Type": 0,
    "Attribute": "",
    "Description": "Manage routes under an AFD endpoint."
  },
  {
    "Name": "rule",
    "Type": 0,
    "Attribute": "",
    "Description": "Manage delivery rules within the specified rule set."
  },
  {
    "Name": "rule-set",
    "Type": 0,
    "Attribute": "",
    "Description": "Manage rule set for the specified profile."
  },
  {
    "Name": "secret",
    "Type": 0,
    "Attribute": "",
    "Description": "Manage secrets within the specified profile."
  },
  {
    "Name": "security-policy",
    "Type": 0,
    "Attribute": "",
    "Description": "Manage security policies within the specified profile."
  },
  {
    "Name": "waf-log-analytic",
    "Type": 0,
    "Attribute": "",
    "Description": "Manage afd WAF related log analytic results."
  }
]