[
  {
    "Name": "create",
    "Type": 1,
    "Attribute": "",
    "Description": "Create a track for an Azure Media Services asset."
  },
  {
    "Name": "delete",
    "Type": 1,
    "Attribute": "",
    "Description": "Delete a Track."
  },
  {
    "Name": "list",
    "Type": 1,
    "Attribute": "",
    "Description": "List Tracks in the Asset."
  },
  {
    "Name": "show",
    "Type": 1,
    "Attribute": "",
    "Description": "Show the details of a track."
  },
  {
    "Name": "update",
    "Type": 1,
    "Attribute": "",
    "Description": "Update the parameters of a track."
  },
  {
    "Name": "update-data",
    "Type": 1,
    "Attribute": "",
    "Description": "Update a track if the file in the storage container was recently modified."
  }
]