[
  {
    "Name": "operation",
    "Type": 0,
    "Attribute": "",
    "Description": "Manage the streaming artifact creation operations for ACR."
  },
  {
    "Name": "create",
    "Type": 1,
    "Attribute": "",
    "Description": "Create a referrers streaming artifact for a specific image in an ACR."
  },
  {
    "Name": "show",
    "Type": 1,
    "Attribute": "",
    "Description": "Show if artifact streaming is enabled in a repository for an Azure Container Registry."
  },
  {
    "Name": "update",
    "Type": 1,
    "Attribute": "",
    "Description": "Enable or disable auto-creation of streaming artifacts for newly pushed images under a given registry."
  }
]