[
  {
    "Name": "permissions",
    "Type": 0,
    "Attribute": "",
    "Description": "Manage the repository permissions accross multiple connected registries. Please see https://aka.ms/acr/connected-registry for more information."
  },
  {
    "Name": "create",
    "Type": 1,
    "Attribute": "",
    "Description": "Create a connected registry for an Azure Container Registry."
  },
  {
    "Name": "deactivate",
    "Type": 1,
    "Attribute": "",
    "Description": "Deactivate a connected registry from Azure Container Registry."
  },
  {
    "Name": "delete",
    "Type": 1,
    "Attribute": "",
    "Description": "Delete a connected registry from Azure Container Registry."
  },
  {
    "Name": "get-settings",
    "Type": 1,
    "Attribute": "",
    "Description": "Retrieve information required to activate a connected registry, and creates or rotates the sync token credentials."
  },
  {
    "Name": "list",
    "Type": 1,
    "Attribute": "",
    "Description": "List all the connected registries under the current parent registry."
  },
  {
    "Name": "list-client-tokens",
    "Type": 1,
    "Attribute": "",
    "Description": "List all the client tokens associated to a specific connected registries."
  },
  {
    "Name": "show",
    "Type": 1,
    "Attribute": "",
    "Description": "Show connected registry details."
  },
  {
    "Name": "update",
    "Type": 1,
    "Attribute": "",
    "Description": "Update a connected registry for an Azure Container Registry."
  }
]