{
  "Options": [
    {
      "Name": "--name",
      "Alias": null,
      "Short": [
        "-n "
      ],
      "Attribute": "[Required]",
      "Description": "Name for the connected registry. Name must be between 5 to 40 character long, start with a letter and contain only alphanumeric characters (including \uFFFD_\uFFFD or \uFFFD-\uFFFD). Name must be unique under the Cloud ACR hierarchy.",
      "Arguments": null
    },
    {
      "Name": "--registry",
      "Alias": null,
      "Short": [
        "-r "
      ],
      "Attribute": "[Required]",
      "Description": "The login server of the Cloud ACR registry. Must be the FQDN to support also Azure Stack.",
      "Arguments": null
    },
    {
      "Name": "--client-tokens",
      "Alias": null,
      "Short": null,
      "Attribute": "",
      "Description": "Specify the client access to the repositories in the connected registry. It can be in the format [TOKEN_NAME01] [TOKEN_NAME02]...",
      "Arguments": null
    },
    {
      "Name": "--log-level",
      "Alias": null,
      "Short": null,
      "Attribute": "",
      "Description": "Set the log level for logging on the instance. Accepted log levels are Debug, Information, Warning, Error, and None.  Default: Information.",
      "Arguments": null
    },
    {
      "Name": "--mode",
      "Alias": null,
      "Short": [
        "-m "
      ],
      "Attribute": "",
      "Description": "Determine the access it will have when synchronized.  Allowed values: ReadOnly, ReadWrite.  Default: ReadWrite.",
      "Arguments": [
        "ReadOnly",
        "ReadWrite"
      ]
    },
    {
      "Name": "--notifications",
      "Alias": null,
      "Short": null,
      "Attribute": "",
      "Description": "List of artifact pattern for which notifications need to be generated. Use the format \u0022--notifications [PATTERN1 PATTERN2 ...]\u0022.",
      "Arguments": null
    },
    {
      "Name": "--parent",
      "Alias": null,
      "Short": [
        "-p "
      ],
      "Attribute": "",
      "Description": "The name of the parent connected registry.",
      "Arguments": null
    },
    {
      "Name": "--repository",
      "Alias": null,
      "Short": null,
      "Attribute": "",
      "Description": "Specify the repositories that need to be sync to the connected registry. It can be in the format [REPO01] [REPO02]...",
      "Arguments": null
    },
    {
      "Name": "--resource-group",
      "Alias": null,
      "Short": [
        "-g "
      ],
      "Attribute": "",
      "Description": "Name of resource group. You can configure the default group using \u0060az configure --defaults group=\u003Cname\u003E\u0060.",
      "Arguments": null
    },
    {
      "Name": "--sync-message-ttl",
      "Alias": null,
      "Short": null,
      "Attribute": "",
      "Description": "Determine how long the sync messages will be kept in the cloud. Uses ISO 8601 duration format.  Default: P2D.",
      "Arguments": null
    },
    {
      "Name": "--sync-schedule",
      "Alias": null,
      "Short": [
        "-s "
      ],
      "Attribute": "",
      "Description": "Optional parameter to define the sync schedule. Uses cron expression to determine the schedule. If not specified, the instance is considered always online and attempts to sync every minute.  Default: * * * * *.",
      "Arguments": null
    },
    {
      "Name": "--sync-token",
      "Alias": null,
      "Short": null,
      "Attribute": "",
      "Description": "Specifies the sync token used to synchronize the connected registry with its parent. It most have only repo permissions and at least the actions required for its mode. It can include access for multiple repositories.",
      "Arguments": null
    },
    {
      "Name": "--sync-window",
      "Alias": null,
      "Short": [
        "-w "
      ],
      "Attribute": "",
      "Description": "Required parameter if --sync-schedule is present. Used to determine the schedule duration. Uses ISO 8601 duration format.",
      "Arguments": null
    },
    {
      "Name": "--debug",
      "Alias": null,
      "Short": null,
      "Attribute": "",
      "Description": "Increase logging verbosity to show all debug logs.",
      "Arguments": null
    },
    {
      "Name": "--help",
      "Alias": null,
      "Short": [
        "-h "
      ],
      "Attribute": "",
      "Description": "Show this help message and exit.",
      "Arguments": null
    },
    {
      "Name": "--only-show-errors",
      "Alias": null,
      "Short": null,
      "Attribute": "",
      "Description": "Only show errors, suppressing warnings.",
      "Arguments": null
    },
    {
      "Name": "--output",
      "Alias": null,
      "Short": [
        "-o "
      ],
      "Attribute": "",
      "Description": "Output format.  Allowed values: json, jsonc, none, table, tsv, yaml, yamlc.  Default: json.",
      "Arguments": [
        "json",
        "jsonc",
        "none",
        "table",
        "tsv",
        "yaml",
        "yamlc"
      ]
    },
    {
      "Name": "--query",
      "Alias": null,
      "Short": null,
      "Attribute": "",
      "Description": "JMESPath query string. See http://jmespath.org/ for more information and examples.",
      "Arguments": null
    },
    {
      "Name": "--subscription",
      "Alias": null,
      "Short": null,
      "Attribute": "",
      "Description": "Name or ID of subscription. You can configure the default subscription using \u0060az account set -s NAME_OR_ID\u0060.",
      "Arguments": null
    },
    {
      "Name": "--verbose",
      "Alias": null,
      "Short": null,
      "Attribute": "",
      "Description": "Increase logging verbosity. Use --debug for full debug logs.",
      "Arguments": null
    }
  ],
  "Examples": null,
  "Name": "create",
  "Description": "Create a connected registry for an Azure Container Registry."
}