{
  "Options": [
    {
      "Name": "--name",
      "Alias": null,
      "Short": [
        "-n "
      ],
      "Attribute": "[Required]",
      "Description": "The name of the token.",
      "Arguments": null
    },
    {
      "Name": "--registry",
      "Alias": null,
      "Short": [
        "-r "
      ],
      "Attribute": "[Required]",
      "Description": "The name of the container registry. It should be specified in lower case. You can configure the default registry name using \u0060az configure --defaults acr=\u003Cregistry name\u003E\u0060.",
      "Arguments": null
    },
    {
      "Name": "--expiration",
      "Alias": null,
      "Short": null,
      "Attribute": "",
      "Description": "UTC time for which the credentials will be valid. In the format of %Y-%m-%dT%H:%M:%SZ, e.g. 2025-12-31T12:59:59Z.",
      "Arguments": null
    },
    {
      "Name": "--expiration-in-days",
      "Alias": null,
      "Short": null,
      "Attribute": "",
      "Description": "Number of days for which the credentials will be valid. If not specified, the expiration will default to the max value \u00229999-12-31T23:59:59.999999\u002B00:00\u0022.",
      "Arguments": null
    },
    {
      "Name": "--password1",
      "Alias": null,
      "Short": null,
      "Attribute": "",
      "Description": "Flag indicating if password1 should be generated.",
      "Arguments": null
    },
    {
      "Name": "--password2",
      "Alias": null,
      "Short": null,
      "Attribute": "",
      "Description": "Flag indicating if password2 should be generated.",
      "Arguments": null
    },
    {
      "Name": "--resource-group",
      "Alias": null,
      "Short": [
        "-g "
      ],
      "Attribute": "",
      "Description": "Name of resource group. You can configure the default group using \u0060az configure --defaults group=\u003Cname\u003E\u0060.",
      "Arguments": null
    },
    {
      "Name": "--debug",
      "Alias": null,
      "Short": null,
      "Attribute": "",
      "Description": "Increase logging verbosity to show all debug logs.",
      "Arguments": null
    },
    {
      "Name": "--help",
      "Alias": null,
      "Short": [
        "-h "
      ],
      "Attribute": "",
      "Description": "Show this help message and exit.",
      "Arguments": null
    },
    {
      "Name": "--only-show-errors",
      "Alias": null,
      "Short": null,
      "Attribute": "",
      "Description": "Only show errors, suppressing warnings.",
      "Arguments": null
    },
    {
      "Name": "--output",
      "Alias": null,
      "Short": [
        "-o "
      ],
      "Attribute": "",
      "Description": "Output format.  Allowed values: json, jsonc, none, table, tsv, yaml, yamlc.  Default: json.",
      "Arguments": [
        "json",
        "jsonc",
        "none",
        "table",
        "tsv",
        "yaml",
        "yamlc"
      ]
    },
    {
      "Name": "--query",
      "Alias": null,
      "Short": null,
      "Attribute": "",
      "Description": "JMESPath query string. See http://jmespath.org/ for more information and examples.",
      "Arguments": null
    },
    {
      "Name": "--subscription",
      "Alias": null,
      "Short": null,
      "Attribute": "",
      "Description": "Name or ID of subscription. You can configure the default subscription using \u0060az account set -s NAME_OR_ID\u0060.",
      "Arguments": null
    },
    {
      "Name": "--verbose",
      "Alias": null,
      "Short": null,
      "Attribute": "",
      "Description": "Increase logging verbosity. Use --debug for full debug logs.",
      "Arguments": null
    }
  ],
  "Examples": null,
  "Name": "generate",
  "Description": "Generate or replace one or both passwords of a token for an Azure Container Registry. For using token and password to access a container registry, see https://aka.ms/acr/repo-permissions."
}