[
  {
    "Name": "delete",
    "Type": 1,
    "Attribute": "",
    "Description": "Delete a taskrun from an Azure Container Registry."
  },
  {
    "Name": "list",
    "Type": 1,
    "Attribute": "",
    "Description": "List the taskruns for an Azure Container Registry."
  },
  {
    "Name": "logs",
    "Type": 1,
    "Attribute": "",
    "Description": "Show run logs for a particular taskrun."
  },
  {
    "Name": "show",
    "Type": 1,
    "Attribute": "",
    "Description": "Get the properties of a named taskrun for an Azure Container Registry."
  }
]