{
  "Options": [
    {
      "Name": "--artifact-type",
      "Alias": null,
      "Short": null,
      "Attribute": "",
      "Description": "Filter referrers based on artifact type.",
      "Arguments": null
    },
    {
      "Name": "--name",
      "Alias": null,
      "Short": [
        "-n "
      ],
      "Attribute": "",
      "Description": "The name of the artifact. May include a tag in the format \u0027name:tag\u0027 or digest in the format \u0027name@digest\u0027.",
      "Arguments": null
    },
    {
      "Name": "--password",
      "Alias": null,
      "Short": [
        "-p "
      ],
      "Attribute": "",
      "Description": "The password used to log into a container registry.",
      "Arguments": null
    },
    {
      "Name": "--recursive",
      "Alias": null,
      "Short": null,
      "Attribute": "",
      "Description": "Recursively include referrer artifacts.",
      "Arguments": null
    },
    {
      "Name": "--registry",
      "Alias": null,
      "Short": [
        "-r "
      ],
      "Attribute": "",
      "Description": "The name of the container registry. You can configure the default registry name using \u0060az configure --defaults acr=\u003Cregistry name\u003E\u0060.",
      "Arguments": null
    },
    {
      "Name": "--suffix",
      "Alias": null,
      "Short": null,
      "Attribute": "",
      "Description": "The tenant suffix in registry login server. You may specify \u0027--suffix tenant\u0027 if your registry login server is in the format \u0027registry- tenant.azurecr.io\u0027. Applicable if you\u0027re accessing the registry from a different subscription or you have permission to access images but not the permission to manage the registry resource.",
      "Arguments": null
    },
    {
      "Name": "--username",
      "Alias": null,
      "Short": [
        "-u "
      ],
      "Attribute": "",
      "Description": "The username used to log into a container registry.",
      "Arguments": null
    },
    {
      "Name": "--debug",
      "Alias": null,
      "Short": null,
      "Attribute": "",
      "Description": "Increase logging verbosity to show all debug logs.",
      "Arguments": null
    },
    {
      "Name": "--help",
      "Alias": null,
      "Short": [
        "-h "
      ],
      "Attribute": "",
      "Description": "Show this help message and exit.",
      "Arguments": null
    },
    {
      "Name": "--only-show-errors",
      "Alias": null,
      "Short": null,
      "Attribute": "",
      "Description": "Only show errors, suppressing warnings.",
      "Arguments": null
    },
    {
      "Name": "--output",
      "Alias": null,
      "Short": [
        "-o "
      ],
      "Attribute": "",
      "Description": "Output format.  Allowed values: json, jsonc, none, table, tsv, yaml, yamlc. Default: json.",
      "Arguments": [
        "json",
        "jsonc",
        "none",
        "table",
        "tsv",
        "yaml",
        "yamlc"
      ]
    },
    {
      "Name": "--query",
      "Alias": null,
      "Short": null,
      "Attribute": "",
      "Description": "JMESPath query string. See http://jmespath.org/ for more information and examples.",
      "Arguments": null
    },
    {
      "Name": "--subscription",
      "Alias": null,
      "Short": null,
      "Attribute": "",
      "Description": "Name or ID of subscription. You can configure the default subscription using \u0060az account set -s NAME_OR_ID\u0060.",
      "Arguments": null
    },
    {
      "Name": "--verbose",
      "Alias": null,
      "Short": null,
      "Attribute": "",
      "Description": "Increase logging verbosity. Use --debug for full debug logs.",
      "Arguments": null
    }
  ],
  "Examples": null,
  "Name": "list-referrers",
  "Description": "List the referrers to a manifest in an Azure Container Registry."
}