[
  {
    "Name": "delete",
    "Type": 1,
    "Attribute": "",
    "Description": "Delete a manifest in an Azure Container Registry."
  },
  {
    "Name": "list",
    "Type": 1,
    "Attribute": "",
    "Description": "List the manifests in a repository in an Azure Container Registry."
  },
  {
    "Name": "list-deleted",
    "Type": 1,
    "Attribute": "",
    "Description": "List the soft-deleted manifests in a repository in an Azure Container Registry."
  },
  {
    "Name": "list-deleted-tags",
    "Type": 1,
    "Attribute": "",
    "Description": "List the soft-deleted tags in a repository in an Azure Container Registry."
  },
  {
    "Name": "list-metadata",
    "Type": 1,
    "Attribute": "",
    "Description": "List the metadata of the manifests in a repository in an Azure Container Registry."
  },
  {
    "Name": "list-referrers",
    "Type": 1,
    "Attribute": "",
    "Description": "List the referrers to a manifest in an Azure Container Registry."
  },
  {
    "Name": "restore",
    "Type": 1,
    "Attribute": "",
    "Description": "Restore a soft-deleted artifact and tag in an Azure Container Registry."
  },
  {
    "Name": "show",
    "Type": 1,
    "Attribute": "",
    "Description": "Get a manifest in an Azure Container Registry."
  },
  {
    "Name": "show-metadata",
    "Type": 1,
    "Attribute": "",
    "Description": "Get the metadata of an artifact in an Azure Container Registry."
  },
  {
    "Name": "update-metadata",
    "Type": 1,
    "Attribute": "",
    "Description": "Update the manifest metadata of an artifact in an Azure Container Registry."
  }
]