{
  "Options": [
    {
      "Name": "--registry",
      "Alias": null,
      "Short": [
        "-r "
      ],
      "Attribute": "[Required]",
      "Description": "The name of the container registry. It should be specified in lower case. You can configure the default registry name using \u0060az configure --defaults acr=\u003Cregistry name\u003E\u0060.",
      "Arguments": null
    },
    {
      "Name": "--image",
      "Alias": null,
      "Short": [
        "-t "
      ],
      "Attribute": "",
      "Description": "The name of the image. May include a tag in the format \u0027name:tag\u0027 or digest in the format \u0027name@digest\u0027.",
      "Arguments": null
    },
    {
      "Name": "--name",
      "Alias": null,
      "Short": [
        "-n "
      ],
      "Attribute": "",
      "Description": "The name of the task.",
      "Arguments": null
    },
    {
      "Name": "--resource-group",
      "Alias": null,
      "Short": [
        "-g "
      ],
      "Attribute": "",
      "Description": "Name of resource group. You can configure the default group using \u0060az configure --defaults group=\u003Cname\u003E\u0060.",
      "Arguments": null
    },
    {
      "Name": "--run-status",
      "Alias": null,
      "Short": null,
      "Attribute": "",
      "Description": "The current status of run.  Allowed values: Canceled, Error, Failed, Queued, Running, Started, Succeeded, Timeout.",
      "Arguments": [
        "Canceled",
        "Error",
        "Failed",
        "Queued",
        "Running",
        "Started",
        "Succeeded",
        "Timeout"
      ]
    },
    {
      "Name": "--top",
      "Alias": null,
      "Short": null,
      "Attribute": "",
      "Description": "Limit the number of latest runs in the results.  Default: 15.",
      "Arguments": null
    },
    {
      "Name": "--debug",
      "Alias": null,
      "Short": null,
      "Attribute": "",
      "Description": "Increase logging verbosity to show all debug logs.",
      "Arguments": null
    },
    {
      "Name": "--help",
      "Alias": null,
      "Short": [
        "-h "
      ],
      "Attribute": "",
      "Description": "Show this help message and exit.",
      "Arguments": null
    },
    {
      "Name": "--only-show-errors",
      "Alias": null,
      "Short": null,
      "Attribute": "",
      "Description": "Only show errors, suppressing warnings.",
      "Arguments": null
    },
    {
      "Name": "--output",
      "Alias": null,
      "Short": [
        "-o "
      ],
      "Attribute": "",
      "Description": "Output format.  Allowed values: json, jsonc, none, table, tsv, yaml, yamlc.  Default: json.",
      "Arguments": [
        "json",
        "jsonc",
        "none",
        "table",
        "tsv",
        "yaml",
        "yamlc"
      ]
    },
    {
      "Name": "--query",
      "Alias": null,
      "Short": null,
      "Attribute": "",
      "Description": "JMESPath query string. See http://jmespath.org/ for more information and examples.",
      "Arguments": null
    },
    {
      "Name": "--subscription",
      "Alias": null,
      "Short": null,
      "Attribute": "",
      "Description": "Name or ID of subscription. You can configure the default subscription using \u0060az account set -s NAME_OR_ID\u0060.",
      "Arguments": null
    },
    {
      "Name": "--verbose",
      "Alias": null,
      "Short": null,
      "Attribute": "",
      "Description": "Increase logging verbosity. Use --debug for full debug logs.",
      "Arguments": null
    }
  ],
  "Examples": null,
  "Name": "list-runs",
  "Description": "List all of the executed runs for an Azure Container Registry, with the ability to filter by a specific Task."
}