[
  {
    "Name": "credential",
    "Type": 0,
    "Attribute": "",
    "Description": "Manage credentials for a task. Please see https://aka.ms/acr/tasks/cross-registry- authentication for more information."
  },
  {
    "Name": "identity",
    "Type": 0,
    "Attribute": "",
    "Description": "Managed Identities for Task. Please see https://aka.ms/acr/tasks/task-create- managed-identity for more information."
  },
  {
    "Name": "timer",
    "Type": 0,
    "Attribute": "",
    "Description": "Manage timer triggers for a task."
  },
  {
    "Name": "cancel-run",
    "Type": 1,
    "Attribute": "",
    "Description": "Cancel a specified run of an Azure Container Registry."
  },
  {
    "Name": "create",
    "Type": 1,
    "Attribute": "",
    "Description": "Create a series of steps for building, testing and OS \u0026 Framework patching containers. Tasks support triggers from git commits and base image updates."
  },
  {
    "Name": "delete",
    "Type": 1,
    "Attribute": "",
    "Description": "Delete a task from an Azure Container Registry."
  },
  {
    "Name": "list",
    "Type": 1,
    "Attribute": "",
    "Description": "List the tasks for an Azure Container Registry."
  },
  {
    "Name": "list-runs",
    "Type": 1,
    "Attribute": "",
    "Description": "List all of the executed runs for an Azure Container Registry, with the ability to filter by a specific Task."
  },
  {
    "Name": "logs",
    "Type": 1,
    "Attribute": "",
    "Description": "Show logs for a particular run. If no run-id is supplied, show logs for the last created run."
  },
  {
    "Name": "run",
    "Type": 1,
    "Attribute": "",
    "Description": "Manually trigger a task that might otherwise be waiting for git commits or base image update triggers."
  },
  {
    "Name": "show",
    "Type": 1,
    "Attribute": "",
    "Description": "Get the properties of a named task for an Azure Container Registry."
  },
  {
    "Name": "show-run",
    "Type": 1,
    "Attribute": "",
    "Description": "Get the properties of a specified run of an Azure Container Registry Task."
  },
  {
    "Name": "update",
    "Type": 1,
    "Attribute": "",
    "Description": "Update a task for an Azure Container Registry."
  },
  {
    "Name": "update-run",
    "Type": 1,
    "Attribute": "",
    "Description": "Patch the run properties of an Azure Container Registry Task."
  }
]