{
  "Options": [
    {
      "Name": "--name",
      "Alias": null,
      "Short": [
        "-n "
      ],
      "Attribute": "[Required]",
      "Description": "The name of the task.",
      "Arguments": null
    },
    {
      "Name": "--registry",
      "Alias": null,
      "Short": [
        "-r "
      ],
      "Attribute": "[Required]",
      "Description": "The name of the container registry. It should be specified in lower case. You can configure the default registry name using \u0060az configure --defaults acr=\u003Cregistry name\u003E\u0060.",
      "Arguments": null
    },
    {
      "Name": "--agent-pool",
      "Alias": null,
      "Short": null,
      "Attribute": "[Preview]",
      "Description": "The name of the agent pool.",
      "Arguments": null
    },
    {
      "Name": "--arg",
      "Alias": null,
      "Short": null,
      "Attribute": "",
      "Description": "Build argument in \u0027--arg name[=value]\u0027 format. Multiples supported by passing \u0027--arg\u0060 multiple times.",
      "Arguments": null
    },
    {
      "Name": "--auth-mode",
      "Alias": null,
      "Short": null,
      "Attribute": "",
      "Description": "Auth mode of the source registry.  Allowed values: Default, None.",
      "Arguments": [
        "Default",
        "None"
      ]
    },
    {
      "Name": "--cmd",
      "Alias": null,
      "Short": null,
      "Attribute": "",
      "Description": "Commands to execute. This also supports additional docker run parameters (https://docs.docker.com/engine/ reference/commandline/run/) or even other docker commands (https://docs.docker.com/engine/reference/com mandline/docker/).",
      "Arguments": null
    },
    {
      "Name": "--context",
      "Alias": null,
      "Short": [
        "-c "
      ],
      "Attribute": "",
      "Description": "The full URL to the source code repository (Requires \u0027.git\u0027 suffix for a github repo) or a remote tarball (e.g., \u0027http://server/context.tar.gz\u0027), or the repository of an OCI artifact in an Azure container registry (e.g., \u0027oci://myregistry.azurecr.io/myartifact:mytag\u0027). If \u0027/dev/null\u0027 is specified, the value will be set to None and ignored. This is a required argument if the task is not a system task.",
      "Arguments": null
    },
    {
      "Name": "--cpu",
      "Alias": null,
      "Short": null,
      "Attribute": "",
      "Description": "The CPU configuration in terms of number of cores required for the run.",
      "Arguments": null
    },
    {
      "Name": "--file",
      "Alias": null,
      "Short": [
        "-f "
      ],
      "Attribute": "",
      "Description": "Relative path of the the task/docker file to the source code root folder. Task files must be suffixed with \u0027.yaml\u0027 or piped from the standard input using \u0027-\u0027.",
      "Arguments": null
    },
    {
      "Name": "--image",
      "Alias": null,
      "Short": [
        "-t "
      ],
      "Attribute": "",
      "Description": "The name and tag of the image using the format: \u0027-t repo/image:tag\u0027. Multiple tags are supported by passing -t multiple times.",
      "Arguments": null
    },
    {
      "Name": "--log-template",
      "Alias": null,
      "Short": null,
      "Attribute": "[Preview]",
      "Description": "The repository and tag template for run log artifact using the format: \u0027log/repo:tag\u0027 (e.g., \u0027acr/logs:{{.Run.ID}}\u0027). Only applicable to CMK enabled registry.",
      "Arguments": null
    },
    {
      "Name": "--no-cache",
      "Alias": null,
      "Short": null,
      "Attribute": "",
      "Description": "Indicates whether the image cache is enabled.  Allowed values: false, true.",
      "Arguments": null
    },
    {
      "Name": "--no-push",
      "Alias": null,
      "Short": null,
      "Attribute": "",
      "Description": "Indicates whether the image built should be pushed to the registry.  Allowed values: false, true.",
      "Arguments": null
    },
    {
      "Name": "--platform",
      "Alias": null,
      "Short": null,
      "Attribute": "",
      "Description": "The platform where build/task is run, Eg, \u0027windows\u0027 and \u0027linux\u0027. When it\u0027s used in build commands, it also can be specified in \u0027os/arch/variant\u0027 format for the resulting image. Eg, linux/arm/v7. The \u0027arch\u0027 and \u0027variant\u0027 parts are optional.",
      "Arguments": null
    },
    {
      "Name": "--resource-group",
      "Alias": null,
      "Short": [
        "-g "
      ],
      "Attribute": "",
      "Description": "Name of resource group. You can configure the default group using \u0060az configure --defaults group=\u003Cname\u003E\u0060.",
      "Arguments": null
    },
    {
      "Name": "--secret-arg",
      "Alias": null,
      "Short": null,
      "Attribute": "",
      "Description": "Secret build argument in \u0027--secret-arg name[=value]\u0027 format. Multiples supported by passing --secret-arg multiple times.",
      "Arguments": null
    },
    {
      "Name": "--set",
      "Alias": null,
      "Short": null,
      "Attribute": "",
      "Description": "Task value in \u0027--set name[=value]\u0027 format. Multiples supported by passing --set multiple times.",
      "Arguments": null
    },
    {
      "Name": "--set-secret",
      "Alias": null,
      "Short": null,
      "Attribute": "",
      "Description": "Secret task value in \u0027--set-secret name[=value]\u0027 format. Multiples supported by passing --set-secret multiple times.",
      "Arguments": null
    },
    {
      "Name": "--status",
      "Alias": null,
      "Short": null,
      "Attribute": "",
      "Description": "The current status of task.  Allowed values: Disabled, Enabled.",
      "Arguments": [
        "Disabled",
        "Enabled"
      ]
    },
    {
      "Name": "--target",
      "Alias": null,
      "Short": null,
      "Attribute": "",
      "Description": "The name of the target build stage.",
      "Arguments": null
    },
    {
      "Name": "--timeout",
      "Alias": null,
      "Short": null,
      "Attribute": "",
      "Description": "The timeout in seconds.",
      "Arguments": null
    },
    {
      "Name": "--values",
      "Alias": null,
      "Short": null,
      "Attribute": "",
      "Description": "The task values/parameters file path relative to the source context.",
      "Arguments": null
    },
    {
      "Name": "--base-image-trigger-enabled",
      "Alias": null,
      "Short": null,
      "Attribute": "",
      "Description": "Indicates whether the base image trigger is enabled. Allowed values: false, true.",
      "Arguments": null
    },
    {
      "Name": "--base-image-trigger-type",
      "Alias": null,
      "Short": null,
      "Attribute": "",
      "Description": "The type of the auto trigger for base image dependency updates.  Allowed values: All, Runtime.",
      "Arguments": [
        "All",
        "Runtime"
      ]
    },
    {
      "Name": "--commit-trigger-enabled",
      "Alias": null,
      "Short": null,
      "Attribute": "",
      "Description": "Indicates whether the source control commit trigger is enabled.  Allowed values: false, true.",
      "Arguments": null
    },
    {
      "Name": "--git-access-token",
      "Alias": null,
      "Short": null,
      "Attribute": "",
      "Description": "The access token used to access the source control provider.",
      "Arguments": null
    },
    {
      "Name": "--pull-request-trigger-enabled",
      "Alias": null,
      "Short": null,
      "Attribute": "",
      "Description": "Indicates whether the source control pull request trigger is enabled. The trigger is disabled by default.  Allowed values: false, true.",
      "Arguments": null
    },
    {
      "Name": "--update-trigger-endpoint",
      "Alias": null,
      "Short": null,
      "Attribute": "[Preview]",
      "Description": "The full URL of the endpoint to receive base image update trigger notifications.",
      "Arguments": null
    },
    {
      "Name": "--update-trigger-payload-type",
      "Alias": null,
      "Short": null,
      "Attribute": "[Preview]",
      "Description": "Indicates whether to include metadata about the base image trigger in the payload alongwith the update trigger token, when a notification is sent.  Allowed values: Default, Token.",
      "Arguments": [
        "Default",
        "Token"
      ]
    },
    {
      "Name": "--debug",
      "Alias": null,
      "Short": null,
      "Attribute": "",
      "Description": "Increase logging verbosity to show all debug logs.",
      "Arguments": null
    },
    {
      "Name": "--help",
      "Alias": null,
      "Short": [
        "-h "
      ],
      "Attribute": "",
      "Description": "Show this help message and exit.",
      "Arguments": null
    },
    {
      "Name": "--only-show-errors",
      "Alias": null,
      "Short": null,
      "Attribute": "",
      "Description": "Only show errors, suppressing warnings.",
      "Arguments": null
    },
    {
      "Name": "--output",
      "Alias": null,
      "Short": [
        "-o "
      ],
      "Attribute": "",
      "Description": "Output format.  Allowed values: json, jsonc, none, table, tsv, yaml, yamlc.  Default: json.",
      "Arguments": [
        "json",
        "jsonc",
        "none",
        "table",
        "tsv",
        "yaml",
        "yamlc"
      ]
    },
    {
      "Name": "--query",
      "Alias": null,
      "Short": null,
      "Attribute": "",
      "Description": "JMESPath query string. See http://jmespath.org/ for more information and examples.",
      "Arguments": null
    },
    {
      "Name": "--subscription",
      "Alias": null,
      "Short": null,
      "Attribute": "",
      "Description": "Name or ID of subscription. You can configure the default subscription using \u0060az account set -s NAME_OR_ID\u0060.",
      "Arguments": null
    },
    {
      "Name": "--verbose",
      "Alias": null,
      "Short": null,
      "Attribute": "",
      "Description": "Increase logging verbosity. Use --debug for full debug logs.",
      "Arguments": null
    }
  ],
  "Examples": null,
  "Name": "update",
  "Description": "Update a task for an Azure Container Registry."
}