[
  {
    "Name": "agentpool",
    "Type": 0,
    "Attribute": "[Preview]",
    "Description": "Manage private Tasks agent pools with Azure Container Registries."
  },
  {
    "Name": "artifact-streaming",
    "Type": 0,
    "Attribute": "[Preview]",
    "Description": "Manage artifact streaming for any repositories or supported images in an ACR."
  },
  {
    "Name": "cache",
    "Type": 0,
    "Attribute": "",
    "Description": "Manage cache rules in Azure Container Registries."
  },
  {
    "Name": "config",
    "Type": 0,
    "Attribute": "",
    "Description": "Configure policies for Azure Container Registries."
  },
  {
    "Name": "connected-registry",
    "Type": 0,
    "Attribute": "[Preview]",
    "Description": "Manage connected registry resources with Azure Container Registries."
  },
  {
    "Name": "credential",
    "Type": 0,
    "Attribute": "",
    "Description": "Manage login credentials for Azure Container Registries."
  },
  {
    "Name": "credential-set",
    "Type": 0,
    "Attribute": "",
    "Description": "Manage credential sets in Azure Container Registries."
  },
  {
    "Name": "encryption",
    "Type": 0,
    "Attribute": "",
    "Description": "Manage container registry encryption."
  },
  {
    "Name": "identity",
    "Type": 0,
    "Attribute": "",
    "Description": "Manage service (managed) identities for a container registry."
  },
  {
    "Name": "manifest",
    "Type": 0,
    "Attribute": "[Preview]",
    "Description": "Manage artifact manifests in Azure Container Registries."
  },
  {
    "Name": "network-rule",
    "Type": 0,
    "Attribute": "",
    "Description": "Manage network rules for Azure Container Registries."
  },
  {
    "Name": "pack",
    "Type": 0,
    "Attribute": "[Preview]",
    "Description": "Manage Azure Container Registry Tasks that use Cloud Native Buildpacks."
  },
  {
    "Name": "private-endpoint-connection",
    "Type": 0,
    "Attribute": "",
    "Description": "Manage container registry private endpoint connections."
  },
  {
    "Name": "private-link-resource",
    "Type": 0,
    "Attribute": "",
    "Description": "Manage registry private link resources."
  },
  {
    "Name": "replication",
    "Type": 0,
    "Attribute": "",
    "Description": "Manage geo-replicated regions of Azure Container Registries."
  },
  {
    "Name": "repository",
    "Type": 0,
    "Attribute": "",
    "Description": "Manage repositories (image names) for Azure Container Registries."
  },
  {
    "Name": "scope-map",
    "Type": 0,
    "Attribute": "",
    "Description": "Manage scope access maps for Azure Container Registries."
  },
  {
    "Name": "task",
    "Type": 0,
    "Attribute": "",
    "Description": "Manage a collection of steps for building, testing and OS \u0026 Framework patching container images using Azure Container Registries."
  },
  {
    "Name": "taskrun",
    "Type": 0,
    "Attribute": "[Preview]",
    "Description": "Manage taskruns using Azure Container Registries."
  },
  {
    "Name": "token",
    "Type": 0,
    "Attribute": "",
    "Description": "Manage tokens for an Azure Container Registry."
  },
  {
    "Name": "webhook",
    "Type": 0,
    "Attribute": "",
    "Description": "Manage webhooks for Azure Container Registries."
  },
  {
    "Name": "build",
    "Type": 1,
    "Attribute": "",
    "Description": "Queues a quick build, providing streaming logs for an Azure Container Registry."
  },
  {
    "Name": "check-health",
    "Type": 1,
    "Attribute": "",
    "Description": "Gets health information on the environment and optionally a target registry."
  },
  {
    "Name": "check-name",
    "Type": 1,
    "Attribute": "",
    "Description": "Checks if an Azure Container Registry name is valid and available for use."
  },
  {
    "Name": "create",
    "Type": 1,
    "Attribute": "",
    "Description": "Create an Azure Container Registry."
  },
  {
    "Name": "delete",
    "Type": 1,
    "Attribute": "",
    "Description": "Deletes an Azure Container Registry."
  },
  {
    "Name": "import",
    "Type": 1,
    "Attribute": "",
    "Description": "Imports an image to an Azure Container Registry from another Container Registry. Import removes the need to docker pull, docker tag, docker push. For larger images consider using \u0060--no- wait\u0060."
  },
  {
    "Name": "list",
    "Type": 1,
    "Attribute": "",
    "Description": "Lists all the container registries under the current subscription."
  },
  {
    "Name": "login",
    "Type": 1,
    "Attribute": "",
    "Description": "Log in to an Azure Container Registry through the Docker CLI."
  },
  {
    "Name": "run",
    "Type": 1,
    "Attribute": "",
    "Description": "Queues a quick run providing streamed logs for an Azure Container Registry."
  },
  {
    "Name": "show",
    "Type": 1,
    "Attribute": "",
    "Description": "Get the details of an Azure Container Registry."
  },
  {
    "Name": "show-endpoints",
    "Type": 1,
    "Attribute": "",
    "Description": "Display registry endpoints."
  },
  {
    "Name": "show-usage",
    "Type": 1,
    "Attribute": "",
    "Description": "Get the storage usage for an Azure Container Registry."
  },
  {
    "Name": "update",
    "Type": 1,
    "Attribute": "",
    "Description": "Update an Azure Container Registry."
  }
]