{
  "Options": [
    {
      "Name": "--name",
      "Alias": null,
      "Short": [
        "-n "
      ],
      "Attribute": "[Required]",
      "Description": "The name of the container registry. It should be specified in lower case. You can configure the default registry name using \u0060az configure --defaults acr=\u003Cregistry name\u003E\u0060.",
      "Arguments": null
    },
    {
      "Name": "--resource-group",
      "Alias": null,
      "Short": [
        "-g "
      ],
      "Attribute": "[Required]",
      "Description": "Name of resource group. You can configure the default group using \u0060az configure --defaults group=\u003Cname\u003E\u0060.",
      "Arguments": null
    },
    {
      "Name": "--sku",
      "Alias": null,
      "Short": null,
      "Attribute": "[Required]",
      "Description": "The SKU of the container registry.  Allowed values: Basic, Premium, Standard.",
      "Arguments": [
        "Basic",
        "Premium",
        "Standard"
      ]
    },
    {
      "Name": "--admin-enabled",
      "Alias": null,
      "Short": null,
      "Attribute": "",
      "Description": "Indicates whether the admin user is enabled.  Allowed values: false, true.",
      "Arguments": null
    },
    {
      "Name": "--allow-exports",
      "Alias": null,
      "Short": null,
      "Attribute": "[Preview]",
      "Description": "Configure exportPolicy to allow/disallow artifacts from being exported from this registry. Artifacts can be exported via import or transfer operations. For more information, please visit https://aka.ms/acr/export-policy. Allowed values: false, true.",
      "Arguments": null
    },
    {
      "Name": "--location",
      "Alias": null,
      "Short": [
        "-l "
      ],
      "Attribute": "",
      "Description": "Location. Values from: \u0060az account list-locations\u0060. You can configure the default location using \u0060az configure --defaults location=\u003Clocation\u003E\u0060.",
      "Arguments": [
        "eastus",
        "eastus2",
        "southcentralus",
        "westus2",
        "westus3",
        "australiaeast",
        "southeastasia",
        "northeurope",
        "swedencentral",
        "uksouth",
        "westeurope",
        "centralus",
        "southafricanorth",
        "centralindia",
        "eastasia",
        "japaneast",
        "koreacentral",
        "canadacentral",
        "francecentral",
        "germanywestcentral",
        "italynorth",
        "norwayeast",
        "polandcentral",
        "switzerlandnorth",
        "uaenorth",
        "brazilsouth",
        "centraluseuap",
        "israelcentral",
        "qatarcentral",
        "centralusstage",
        "eastusstage",
        "eastus2stage",
        "northcentralusstage",
        "southcentralusstage",
        "westusstage",
        "westus2stage",
        "asia",
        "asiapacific",
        "australia",
        "brazil",
        "canada",
        "europe",
        "france",
        "germany",
        "global",
        "india",
        "japan",
        "korea",
        "norway",
        "singapore",
        "southafrica",
        "sweden",
        "switzerland",
        "uae",
        "uk",
        "unitedstates",
        "unitedstateseuap",
        "eastasiastage",
        "southeastasiastage",
        "brazilus",
        "eastusstg",
        "northcentralus",
        "westus",
        "japanwest",
        "jioindiawest",
        "eastus2euap",
        "westcentralus",
        "southafricawest",
        "australiacentral",
        "australiacentral2",
        "australiasoutheast",
        "jioindiacentral",
        "koreasouth",
        "southindia",
        "westindia",
        "canadaeast",
        "francesouth",
        "germanynorth",
        "norwaywest",
        "switzerlandwest",
        "ukwest",
        "uaecentral",
        "brazilsoutheast"
      ]
    },
    {
      "Name": "--tags",
      "Alias": null,
      "Short": null,
      "Attribute": "",
      "Description": "Space-separated tags: key[=value] [key[=value] ...]. Use \u0022\u0022 to clear existing tags.",
      "Arguments": null
    },
    {
      "Name": "--workspace",
      "Alias": null,
      "Short": null,
      "Attribute": "[Preview]",
      "Description": "Name or ID of the Log Analytics workspace to send registry diagnostic logs to. All events will be enabled. You can use \u0022az monitor log-analytics workspace create\u0022 to create one. Extra billing may apply.",
      "Arguments": null
    },
    {
      "Name": "--zone-redundancy",
      "Alias": null,
      "Short": null,
      "Attribute": "[Preview]",
      "Description": "Indicates whether or not zone redundancy should be enabled for this registry or replication. For more information, such as supported locations, please visit https://aka.ms/acr/az. Zone-redundancy cannot be updated. Defaults to \u0027Disabled\u0027.  Allowed values: Disabled, Enabled.",
      "Arguments": [
        "Disabled",
        "Enabled"
      ]
    },
    {
      "Name": "--identity",
      "Alias": null,
      "Short": null,
      "Attribute": "",
      "Description": "Use assigned managed identity resource id or name if in the same resource group.",
      "Arguments": null
    },
    {
      "Name": "--key-encryption-key",
      "Alias": null,
      "Short": null,
      "Attribute": "",
      "Description": "Key vault key uri. To enable automated rotation, provide a version-less key uri. For manual rotation, provide a versioned key uri.",
      "Arguments": null
    },
    {
      "Name": "--allow-trusted-services",
      "Alias": null,
      "Short": null,
      "Attribute": "[Preview]",
      "Description": "Allow trusted Azure Services to access network restricted registries. For more information, please visit https://aka.ms/acr/trusted-services. The Default is to allow.  Allowed values: false, true.",
      "Arguments": null
    },
    {
      "Name": "--default-action",
      "Alias": null,
      "Short": null,
      "Attribute": "",
      "Description": "Default action to apply when no rule matches. Only applicable to Premium SKU.  Allowed values: Allow, Deny.",
      "Arguments": [
        "Allow",
        "Deny"
      ]
    },
    {
      "Name": "--public-network-enabled",
      "Alias": null,
      "Short": null,
      "Attribute": "",
      "Description": "Allow public network access for the container registry. The Default is to allow.  Allowed values: false, true.",
      "Arguments": null
    },
    {
      "Name": "--debug",
      "Alias": null,
      "Short": null,
      "Attribute": "",
      "Description": "Increase logging verbosity to show all debug logs.",
      "Arguments": null
    },
    {
      "Name": "--help",
      "Alias": null,
      "Short": [
        "-h "
      ],
      "Attribute": "",
      "Description": "Show this help message and exit.",
      "Arguments": null
    },
    {
      "Name": "--only-show-errors",
      "Alias": null,
      "Short": null,
      "Attribute": "",
      "Description": "Only show errors, suppressing warnings.",
      "Arguments": null
    },
    {
      "Name": "--output",
      "Alias": null,
      "Short": [
        "-o "
      ],
      "Attribute": "",
      "Description": "Output format.  Allowed values: json, jsonc, none, table, tsv, yaml, yamlc.  Default: json.",
      "Arguments": [
        "json",
        "jsonc",
        "none",
        "table",
        "tsv",
        "yaml",
        "yamlc"
      ]
    },
    {
      "Name": "--query",
      "Alias": null,
      "Short": null,
      "Attribute": "",
      "Description": "JMESPath query string. See http://jmespath.org/ for more information and examples.",
      "Arguments": null
    },
    {
      "Name": "--subscription",
      "Alias": null,
      "Short": null,
      "Attribute": "",
      "Description": "Name or ID of subscription. You can configure the default subscription using \u0060az account set -s NAME_OR_ID\u0060.",
      "Arguments": null
    },
    {
      "Name": "--verbose",
      "Alias": null,
      "Short": null,
      "Attribute": "",
      "Description": "Increase logging verbosity. Use --debug for full debug logs.",
      "Arguments": null
    }
  ],
  "Examples": null,
  "Name": "create",
  "Description": "Create an Azure Container Registry."
}