{
  "Options": [
    {
      "Name": "--name",
      "Alias": null,
      "Short": [
        "-n "
      ],
      "Attribute": "[Required]",
      "Description": "The name of the container registry. It should be specified in lower case. You can configure the default registry name using \u0060az configure --defaults acr=\u003Cregistry name\u003E\u0060.",
      "Arguments": null
    },
    {
      "Name": "--source",
      "Alias": null,
      "Short": null,
      "Attribute": "[Required]",
      "Description": "Source image name or fully qualified source containing the registry login server. If \u0060--registry\u0060 is used, \u0060--source\u0060 will always be interpreted as a source image, even if it contains the login server.",
      "Arguments": null
    },
    {
      "Name": "--force",
      "Alias": null,
      "Short": null,
      "Attribute": "",
      "Description": "Overwrite the existing tag of the image to be imported.",
      "Arguments": null
    },
    {
      "Name": "--image",
      "Alias": null,
      "Short": [
        "-t "
      ],
      "Attribute": "",
      "Description": "The name and tag of the image using the format: \u0027-t repo/image:tag\u0027. Multiple tags are supported by passing -t multiple times.",
      "Arguments": null
    },
    {
      "Name": "--no-wait",
      "Alias": null,
      "Short": null,
      "Attribute": "",
      "Description": "Do not wait for the import to complete and return immediately after queuing the import.",
      "Arguments": null
    },
    {
      "Name": "--password",
      "Alias": null,
      "Short": [
        "-p "
      ],
      "Attribute": "",
      "Description": "The password of source container registry.",
      "Arguments": null
    },
    {
      "Name": "--registry",
      "Alias": null,
      "Short": [
        "-r "
      ],
      "Attribute": "",
      "Description": "The source Azure container registry. This can be name, login server or resource ID of the source registry.",
      "Arguments": null
    },
    {
      "Name": "--repository",
      "Alias": null,
      "Short": null,
      "Attribute": "",
      "Description": "The repository name for a manifest-only copy of images. Multiple copies supported by passing --repository multiple times.",
      "Arguments": null
    },
    {
      "Name": "--resource-group",
      "Alias": null,
      "Short": [
        "-g "
      ],
      "Attribute": "",
      "Description": "Name of resource group. You can configure the default group using \u0060az configure --defaults group=\u003Cname\u003E\u0060.",
      "Arguments": null
    },
    {
      "Name": "--username",
      "Alias": null,
      "Short": [
        "-u "
      ],
      "Attribute": "",
      "Description": "The username of source container registry.",
      "Arguments": null
    },
    {
      "Name": "--debug",
      "Alias": null,
      "Short": null,
      "Attribute": "",
      "Description": "Increase logging verbosity to show all debug logs.",
      "Arguments": null
    },
    {
      "Name": "--help",
      "Alias": null,
      "Short": [
        "-h "
      ],
      "Attribute": "",
      "Description": "Show this help message and exit.",
      "Arguments": null
    },
    {
      "Name": "--only-show-errors",
      "Alias": null,
      "Short": null,
      "Attribute": "",
      "Description": "Only show errors, suppressing warnings.",
      "Arguments": null
    },
    {
      "Name": "--output",
      "Alias": null,
      "Short": [
        "-o "
      ],
      "Attribute": "",
      "Description": "Output format.  Allowed values: json, jsonc, none, table, tsv, yaml, yamlc.  Default: json.",
      "Arguments": [
        "json",
        "jsonc",
        "none",
        "table",
        "tsv",
        "yaml",
        "yamlc"
      ]
    },
    {
      "Name": "--query",
      "Alias": null,
      "Short": null,
      "Attribute": "",
      "Description": "JMESPath query string. See http://jmespath.org/ for more information and examples.",
      "Arguments": null
    },
    {
      "Name": "--subscription",
      "Alias": null,
      "Short": null,
      "Attribute": "",
      "Description": "Name or ID of subscription. You can configure the default subscription using \u0060az account set -s NAME_OR_ID\u0060.",
      "Arguments": null
    },
    {
      "Name": "--verbose",
      "Alias": null,
      "Short": null,
      "Attribute": "",
      "Description": "Increase logging verbosity. Use --debug for full debug logs.",
      "Arguments": null
    }
  ],
  "Examples": null,
  "Name": "import",
  "Description": "Imports an image to an Azure Container Registry from another Container Registry. Import removes the need to docker pull, docker tag, docker push. For larger images consider using \u0060--no- wait\u0060."
}