{
  "Options": [
    {
      "Name": "--registry",
      "Alias": null,
      "Short": [
        "-r "
      ],
      "Attribute": "[Required]",
      "Description": "The name of the container registry. It should be specified in lower case. You can configure the default registry name using \u0060az configure --defaults acr=\u003Cregistry name\u003E\u0060.",
      "Arguments": null
    },
    {
      "Name": "--agent-pool",
      "Alias": null,
      "Short": null,
      "Attribute": "[Preview]",
      "Description": "The name of the agent pool.",
      "Arguments": null
    },
    {
      "Name": "--auth-mode",
      "Alias": null,
      "Short": null,
      "Attribute": "",
      "Description": "Auth mode of the source registry.  Allowed values: Default, None.",
      "Arguments": [
        "Default",
        "None"
      ]
    },
    {
      "Name": "--cmd",
      "Alias": null,
      "Short": null,
      "Attribute": "",
      "Description": "Commands to execute. This also supports additional docker run parameters (https://docs.docker.com/engine/reference/commandline/run/) or even other docker commands (https://docs.docker.com/engine/reference/commandline/docker/).",
      "Arguments": null
    },
    {
      "Name": "--file",
      "Alias": null,
      "Short": [
        "-f "
      ],
      "Attribute": "",
      "Description": "The task template/definition file path relative to the source context. It can be \u0027-\u0027 to pipe a file from the standard input.",
      "Arguments": null
    },
    {
      "Name": "--log-template",
      "Alias": null,
      "Short": null,
      "Attribute": "[Preview]",
      "Description": "The repository and tag template for run log artifact using the format: \u0027log/repo:tag\u0027 (e.g., \u0027acr/logs:{{.Run.ID}}\u0027). Only applicable to CMK enabled registry.",
      "Arguments": null
    },
    {
      "Name": "--no-format",
      "Alias": null,
      "Short": null,
      "Attribute": "",
      "Description": "Indicates whether the logs should be displayed in raw format.",
      "Arguments": null
    },
    {
      "Name": "--no-logs",
      "Alias": null,
      "Short": null,
      "Attribute": "",
      "Description": "Do not show logs after successfully queuing the build.",
      "Arguments": null
    },
    {
      "Name": "--no-wait",
      "Alias": null,
      "Short": null,
      "Attribute": "",
      "Description": "Do not wait for the run to complete and return immediately after queuing the run.",
      "Arguments": null
    },
    {
      "Name": "--platform",
      "Alias": null,
      "Short": null,
      "Attribute": "",
      "Description": "The platform where build/task is run, Eg, \u0027windows\u0027 and \u0027linux\u0027. When it\u0027s used in build commands, it also can be specified in \u0027os/arch/variant\u0027 format for the resulting image. Eg, linux/arm/v7. The \u0027arch\u0027 and \u0027variant\u0027 parts are optional.",
      "Arguments": null
    },
    {
      "Name": "--resource-group",
      "Alias": null,
      "Short": [
        "-g "
      ],
      "Attribute": "",
      "Description": "Name of resource group. You can configure the default group using \u0060az configure --defaults group=\u003Cname\u003E\u0060.",
      "Arguments": null
    },
    {
      "Name": "--set",
      "Alias": null,
      "Short": null,
      "Attribute": "",
      "Description": "Value in \u0027name[=value]\u0027 format. Multiples supported by passing --set multiple times.",
      "Arguments": null
    },
    {
      "Name": "--set-secret",
      "Alias": null,
      "Short": null,
      "Attribute": "",
      "Description": "Secret value in \u0027--set name[=value]\u0027 format. Multiples supported by passing --set multiple times.",
      "Arguments": null
    },
    {
      "Name": "--timeout",
      "Alias": null,
      "Short": null,
      "Attribute": "",
      "Description": "The timeout in seconds.",
      "Arguments": null
    },
    {
      "Name": "--values",
      "Alias": null,
      "Short": null,
      "Attribute": "",
      "Description": "The task values file path relative to the source context.",
      "Arguments": null
    },
    {
      "Name": "--debug",
      "Alias": null,
      "Short": null,
      "Attribute": "",
      "Description": "Increase logging verbosity to show all debug logs.",
      "Arguments": null
    },
    {
      "Name": "--help",
      "Alias": null,
      "Short": [
        "-h "
      ],
      "Attribute": "",
      "Description": "Show this help message and exit.",
      "Arguments": null
    },
    {
      "Name": "--only-show-errors",
      "Alias": null,
      "Short": null,
      "Attribute": "",
      "Description": "Only show errors, suppressing warnings.",
      "Arguments": null
    },
    {
      "Name": "--output",
      "Alias": null,
      "Short": [
        "-o "
      ],
      "Attribute": "",
      "Description": "Output format.  Allowed values: json, jsonc, none, table, tsv, yaml, yamlc.  Default: json.",
      "Arguments": [
        "json",
        "jsonc",
        "none",
        "table",
        "tsv",
        "yaml",
        "yamlc"
      ]
    },
    {
      "Name": "--query",
      "Alias": null,
      "Short": null,
      "Attribute": "",
      "Description": "JMESPath query string. See http://jmespath.org/ for more information and examples.",
      "Arguments": null
    },
    {
      "Name": "--subscription",
      "Alias": null,
      "Short": null,
      "Attribute": "",
      "Description": "Name or ID of subscription. You can configure the default subscription using \u0060az account set -s NAME_OR_ID\u0060.",
      "Arguments": null
    },
    {
      "Name": "--verbose",
      "Alias": null,
      "Short": null,
      "Attribute": "",
      "Description": "Increase logging verbosity. Use --debug for full debug logs.",
      "Arguments": null
    }
  ],
  "Examples": null,
  "Name": "run",
  "Description": "Queues a quick run providing streamed logs for an Azure Container Registry."
}