{
  "Options": [
    {
      "Name": "--name",
      "Alias": null,
      "Short": [
        "-n "
      ],
      "Attribute": "[Required]",
      "Description": "The name of the container registry. It should be specified in lower case. You can configure the default registry name using \u0060az configure --defaults acr=\u003Cregistry name\u003E\u0060.",
      "Arguments": null
    },
    {
      "Name": "--admin-enabled",
      "Alias": null,
      "Short": null,
      "Attribute": "",
      "Description": "Indicates whether the admin user is enabled.  Allowed values: false, true.",
      "Arguments": null
    },
    {
      "Name": "--allow-exports",
      "Alias": null,
      "Short": null,
      "Attribute": "[Preview]",
      "Description": "Configure exportPolicy to allow/disallow artifacts from being exported from this registry. Artifacts can be exported via import or transfer operations. For more information, please visit https://aka.ms/acr/export-policy. Allowed values: false, true.",
      "Arguments": null
    },
    {
      "Name": "--anonymous-pull-enabled",
      "Alias": null,
      "Short": null,
      "Attribute": "",
      "Description": "Enable registry-wide pull from unauthenticated clients. Allowed values: false, true.",
      "Arguments": null
    },
    {
      "Name": "--resource-group",
      "Alias": null,
      "Short": [
        "-g "
      ],
      "Attribute": "",
      "Description": "Name of resource group. You can configure the default group using \u0060az configure --defaults group=\u003Cname\u003E\u0060.",
      "Arguments": null
    },
    {
      "Name": "--sku",
      "Alias": null,
      "Short": null,
      "Attribute": "",
      "Description": "The SKU of the container registry.  Allowed values: Basic, Premium, Standard.",
      "Arguments": [
        "Basic",
        "Premium",
        "Standard"
      ]
    },
    {
      "Name": "--tags",
      "Alias": null,
      "Short": null,
      "Attribute": "",
      "Description": "Space-separated tags: key[=value] [key[=value] ...]. Use \u0022\u0022 to clear existing tags.",
      "Arguments": null
    },
    {
      "Name": "--add",
      "Alias": null,
      "Short": null,
      "Attribute": "",
      "Description": "Add an object to a list of objects by specifying a path and key value pairs.  Example: --add property.listProperty \u003Ckey=value, string or JSON string\u003E.",
      "Arguments": null
    },
    {
      "Name": "--force-string",
      "Alias": null,
      "Short": null,
      "Attribute": "",
      "Description": "When using \u0027set\u0027 or \u0027add\u0027, preserve string literals instead of attempting to convert to JSON.",
      "Arguments": null
    },
    {
      "Name": "--remove",
      "Alias": null,
      "Short": null,
      "Attribute": "",
      "Description": "Remove a property or an element from a list.  Example: --remove property.list \u003CindexToRemove\u003E OR --remove propertyToRemove.",
      "Arguments": null
    },
    {
      "Name": "--set",
      "Alias": null,
      "Short": null,
      "Attribute": "",
      "Description": "Update an object by specifying a property path and value to set.  Example: --set property1.property2=\u003Cvalue\u003E.",
      "Arguments": null
    },
    {
      "Name": "--allow-trusted-services",
      "Alias": null,
      "Short": null,
      "Attribute": "[Preview]",
      "Description": "Allow trusted Azure Services to access network restricted registries. For more information, please visit https://aka.ms/acr/trusted-services.  Allowed values: false, true.",
      "Arguments": null
    },
    {
      "Name": "--data-endpoint-enabled",
      "Alias": null,
      "Short": null,
      "Attribute": "",
      "Description": "Enable dedicated data endpoint for client firewall configuration.  Allowed values: false, true.",
      "Arguments": null
    },
    {
      "Name": "--default-action",
      "Alias": null,
      "Short": null,
      "Attribute": "",
      "Description": "Default action to apply when no rule matches. Only applicable to Premium SKU.  Allowed values: Allow, Deny.",
      "Arguments": [
        "Allow",
        "Deny"
      ]
    },
    {
      "Name": "--public-network-enabled",
      "Alias": null,
      "Short": null,
      "Attribute": "",
      "Description": "Allow public network access for the container registry. Allowed values: false, true.",
      "Arguments": null
    },
    {
      "Name": "--debug",
      "Alias": null,
      "Short": null,
      "Attribute": "",
      "Description": "Increase logging verbosity to show all debug logs.",
      "Arguments": null
    },
    {
      "Name": "--help",
      "Alias": null,
      "Short": [
        "-h "
      ],
      "Attribute": "",
      "Description": "Show this help message and exit.",
      "Arguments": null
    },
    {
      "Name": "--only-show-errors",
      "Alias": null,
      "Short": null,
      "Attribute": "",
      "Description": "Only show errors, suppressing warnings.",
      "Arguments": null
    },
    {
      "Name": "--output",
      "Alias": null,
      "Short": [
        "-o "
      ],
      "Attribute": "",
      "Description": "Output format.  Allowed values: json, jsonc, none, table, tsv, yaml, yamlc.  Default: json.",
      "Arguments": [
        "json",
        "jsonc",
        "none",
        "table",
        "tsv",
        "yaml",
        "yamlc"
      ]
    },
    {
      "Name": "--query",
      "Alias": null,
      "Short": null,
      "Attribute": "",
      "Description": "JMESPath query string. See http://jmespath.org/ for more information and examples.",
      "Arguments": null
    },
    {
      "Name": "--subscription",
      "Alias": null,
      "Short": null,
      "Attribute": "",
      "Description": "Name or ID of subscription. You can configure the default subscription using \u0060az account set -s NAME_OR_ID\u0060.",
      "Arguments": null
    },
    {
      "Name": "--verbose",
      "Alias": null,
      "Short": null,
      "Attribute": "",
      "Description": "Increase logging verbosity. Use --debug for full debug logs.",
      "Arguments": null
    }
  ],
  "Examples": null,
  "Name": "update",
  "Description": "Update an Azure Container Registry."
}