{
  "Options": [
    {
      "Name": "--display-name",
      "Alias": [
        "--name "
      ],
      "Short": [
        "-n "
      ],
      "Attribute": "",
      "Description": "Display name of the service principal. If not present, default to azure-cli-%Y-%m-%d-%H-%M-%S where the suffix is the time of creation.",
      "Arguments": null
    },
    {
      "Name": "--role",
      "Alias": null,
      "Short": null,
      "Attribute": "",
      "Description": "Role of the service principal.",
      "Arguments": null
    },
    {
      "Name": "--scopes",
      "Alias": null,
      "Short": null,
      "Attribute": "",
      "Description": "Space-separated list of scopes the service principal\u0027s role assignment applies to. e.g., subscriptions/0b1f6471-1bf0-4dda- aec3-111122223333/resourceGroups/myGroup, /subscriptions/0b1f6471-1bf0-4dda-aec3- 111122223333/resourceGroups/myGroup/providers/Microsoft.Co mpute/virtualMachines/myVM.",
      "Arguments": null
    },
    {
      "Name": "--years",
      "Alias": null,
      "Short": null,
      "Attribute": "",
      "Description": "Number of years for which the credentials will be valid. Default: 1 year.",
      "Arguments": null
    },
    {
      "Name": "--cert",
      "Alias": null,
      "Short": null,
      "Attribute": "",
      "Description": "Certificate to use for credentials. When used with \u0060--keyvault,\u0060, indicates the name of the cert to use or create. Otherwise, supply a PEM or DER formatted public certificate string. Use \u0060@{path}\u0060 to load from a file. Do not include private key info.",
      "Arguments": null
    },
    {
      "Name": "--create-cert",
      "Alias": null,
      "Short": null,
      "Attribute": "",
      "Description": "Create a self-signed certificate to use for the credential. Only the current OS user has read/write permission to this certificate. Use with \u0060--keyvault\u0060 to create the certificate in Key Vault. Otherwise, a certificate will be created locally.",
      "Arguments": null
    },
    {
      "Name": "--keyvault",
      "Alias": null,
      "Short": null,
      "Attribute": "",
      "Description": "Name or ID of a KeyVault to use for creating or retrieving certificates.",
      "Arguments": null
    },
    {
      "Name": "--debug",
      "Alias": null,
      "Short": null,
      "Attribute": "",
      "Description": "Increase logging verbosity to show all debug logs.",
      "Arguments": null
    },
    {
      "Name": "--help",
      "Alias": null,
      "Short": [
        "-h "
      ],
      "Attribute": "",
      "Description": "Show this help message and exit.",
      "Arguments": null
    },
    {
      "Name": "--only-show-errors",
      "Alias": null,
      "Short": null,
      "Attribute": "",
      "Description": "Only show errors, suppressing warnings.",
      "Arguments": null
    },
    {
      "Name": "--output",
      "Alias": null,
      "Short": [
        "-o "
      ],
      "Attribute": "",
      "Description": "Output format.  Allowed values: json, jsonc, none, table, tsv, yaml, yamlc.  Default: json.",
      "Arguments": [
        "json",
        "jsonc",
        "none",
        "table",
        "tsv",
        "yaml",
        "yamlc"
      ]
    },
    {
      "Name": "--query",
      "Alias": null,
      "Short": null,
      "Attribute": "",
      "Description": "JMESPath query string. See http://jmespath.org/ for more information and examples.",
      "Arguments": null
    },
    {
      "Name": "--verbose",
      "Alias": null,
      "Short": null,
      "Attribute": "",
      "Description": "Increase logging verbosity. Use --debug for full debug logs.",
      "Arguments": null
    }
  ],
  "Examples": null,
  "Name": "create-for-rbac",
  "Description": "Create a service principal and configure its access to Azure resources."
}