[
  {
    "Name": "credential",
    "Type": 0,
    "Attribute": "",
    "Description": "Manage a service principal\u0027s password or certificate credentials."
  },
  {
    "Name": "owner",
    "Type": 0,
    "Attribute": "",
    "Description": "Manage service principal owners."
  },
  {
    "Name": "create",
    "Type": 1,
    "Attribute": "",
    "Description": "Create a service principal."
  },
  {
    "Name": "create-for-rbac",
    "Type": 1,
    "Attribute": "",
    "Description": "Create a service principal and configure its access to Azure resources."
  },
  {
    "Name": "delete",
    "Type": 1,
    "Attribute": "",
    "Description": "Delete a service principal."
  },
  {
    "Name": "list",
    "Type": 1,
    "Attribute": "",
    "Description": "List service principals."
  },
  {
    "Name": "show",
    "Type": 1,
    "Attribute": "",
    "Description": "Get the details of a service principal."
  },
  {
    "Name": "update",
    "Type": 1,
    "Attribute": "",
    "Description": "Update a service principal."
  }
]