{
  "Options": [
    {
      "Name": "--id",
      "Alias": null,
      "Short": null,
      "Attribute": "[Required]",
      "Description": "Service principal name, or object id.",
      "Arguments": null
    },
    {
      "Name": "--add",
      "Alias": null,
      "Short": null,
      "Attribute": "",
      "Description": "Add an object to a list of objects by specifying a path and key value pairs.  Example: --add property.listProperty \u003Ckey=value, string or JSON string\u003E.",
      "Arguments": null
    },
    {
      "Name": "--force-string",
      "Alias": null,
      "Short": null,
      "Attribute": "",
      "Description": "When using \u0027set\u0027 or \u0027add\u0027, preserve string literals instead of attempting to convert to JSON.",
      "Arguments": null
    },
    {
      "Name": "--remove",
      "Alias": null,
      "Short": null,
      "Attribute": "",
      "Description": "Remove a property or an element from a list.  Example: --remove property.list \u003CindexToRemove\u003E OR --remove propertyToRemove.",
      "Arguments": null
    },
    {
      "Name": "--set",
      "Alias": null,
      "Short": null,
      "Attribute": "",
      "Description": "Update an object by specifying a property path and value to set.  Example: --set property1.property2=\u003Cvalue\u003E.",
      "Arguments": null
    },
    {
      "Name": "--debug",
      "Alias": null,
      "Short": null,
      "Attribute": "",
      "Description": "Increase logging verbosity to show all debug logs.",
      "Arguments": null
    },
    {
      "Name": "--help",
      "Alias": null,
      "Short": [
        "-h "
      ],
      "Attribute": "",
      "Description": "Show this help message and exit.",
      "Arguments": null
    },
    {
      "Name": "--only-show-errors",
      "Alias": null,
      "Short": null,
      "Attribute": "",
      "Description": "Only show errors, suppressing warnings.",
      "Arguments": null
    },
    {
      "Name": "--output",
      "Alias": null,
      "Short": [
        "-o "
      ],
      "Attribute": "",
      "Description": "Output format.  Allowed values: json, jsonc, none, table, tsv, yaml, yamlc. Default: json.",
      "Arguments": [
        "json",
        "jsonc",
        "none",
        "table",
        "tsv",
        "yaml",
        "yamlc"
      ]
    },
    {
      "Name": "--query",
      "Alias": null,
      "Short": null,
      "Attribute": "",
      "Description": "JMESPath query string. See http://jmespath.org/ for more information and examples.",
      "Arguments": null
    },
    {
      "Name": "--verbose",
      "Alias": null,
      "Short": null,
      "Attribute": "",
      "Description": "Increase logging verbosity. Use --debug for full debug logs.",
      "Arguments": null
    }
  ],
  "Examples": null,
  "Name": "update",
  "Description": "Update a service principal."
}