[
  {
    "Name": "option",
    "Type": 0,
    "Attribute": "",
    "Description": "Manage options for an existing content key policy."
  },
  {
    "Name": "create",
    "Type": 1,
    "Attribute": "",
    "Description": "Create a new content key policy."
  },
  {
    "Name": "delete",
    "Type": 1,
    "Attribute": "",
    "Description": "Delete a content key policy."
  },
  {
    "Name": "list",
    "Type": 1,
    "Attribute": "",
    "Description": "List all the content key policies within an Azure Media Services account."
  },
  {
    "Name": "show",
    "Type": 1,
    "Attribute": "",
    "Description": "Show an existing content key policy."
  },
  {
    "Name": "update",
    "Type": 1,
    "Attribute": "",
    "Description": "Update an existing content key policy."
  }
]