[
  {
    "Name": "lock",
    "Type": 0,
    "Attribute": "",
    "Description": "Manage Azure subscription level locks."
  },
  {
    "Name": "management-group",
    "Type": 0,
    "Attribute": "",
    "Description": "Manage Azure Management Groups."
  },
  {
    "Name": "clear",
    "Type": 1,
    "Attribute": "",
    "Description": "Clear all subscriptions from the CLI\u0027s local cache."
  },
  {
    "Name": "get-access-token",
    "Type": 1,
    "Attribute": "",
    "Description": "Get a token for utilities to access Azure."
  },
  {
    "Name": "list",
    "Type": 1,
    "Attribute": "",
    "Description": "Get a list of subscriptions for the logged in account. By default, only \u0027Enabled\u0027 subscriptions from the current cloud is shown."
  },
  {
    "Name": "list-locations",
    "Type": 1,
    "Attribute": "",
    "Description": "List supported regions for the current subscription."
  },
  {
    "Name": "set",
    "Type": 1,
    "Attribute": "",
    "Description": "Set a subscription to be the current active subscription."
  },
  {
    "Name": "show",
    "Type": 1,
    "Attribute": "",
    "Description": "Get the details of a subscription."
  }
]