{
  "Options": [
    {
      "Name": "--name",
      "Alias": [
        "--subscription "
      ],
      "Short": [
        "-n ",
        "-s "
      ],
      "Attribute": "",
      "Description": "Name or ID of subscription.",
      "Arguments": null
    },
    {
      "Name": "--resource",
      "Alias": null,
      "Short": null,
      "Attribute": "",
      "Description": "Azure resource endpoints in AAD v1.0.",
      "Arguments": null
    },
    {
      "Name": "--resource-type",
      "Alias": null,
      "Short": null,
      "Attribute": "",
      "Description": "Type of well-known resource.  Allowed values: aad-graph, arm, batch, data-lake, media, ms-graph, oss-rdbms.",
      "Arguments": [
        "aad-graph",
        "arm",
        "batch",
        "data-lake",
        "media",
        "ms-graph",
        "oss-rdbms"
      ]
    },
    {
      "Name": "--scope",
      "Alias": null,
      "Short": null,
      "Attribute": "",
      "Description": "Space-separated AAD scopes in AAD v2.0. Default to Azure Resource Manager.",
      "Arguments": null
    },
    {
      "Name": "--tenant",
      "Alias": null,
      "Short": [
        "-t "
      ],
      "Attribute": "",
      "Description": "Tenant ID for which the token is acquired. Only available for user and service principal account, not for MSI or Cloud Shell account.",
      "Arguments": null
    },
    {
      "Name": "--debug",
      "Alias": null,
      "Short": null,
      "Attribute": "",
      "Description": "Increase logging verbosity to show all debug logs.",
      "Arguments": null
    },
    {
      "Name": "--help",
      "Alias": null,
      "Short": [
        "-h "
      ],
      "Attribute": "",
      "Description": "Show this help message and exit.",
      "Arguments": null
    },
    {
      "Name": "--only-show-errors",
      "Alias": null,
      "Short": null,
      "Attribute": "",
      "Description": "Only show errors, suppressing warnings.",
      "Arguments": null
    },
    {
      "Name": "--output",
      "Alias": null,
      "Short": [
        "-o "
      ],
      "Attribute": "",
      "Description": "Output format.  Allowed values: json, jsonc, none, table, tsv, yaml, yamlc.  Default: json.",
      "Arguments": [
        "json",
        "jsonc",
        "none",
        "table",
        "tsv",
        "yaml",
        "yamlc"
      ]
    },
    {
      "Name": "--query",
      "Alias": null,
      "Short": null,
      "Attribute": "",
      "Description": "JMESPath query string. See http://jmespath.org/ for more information and examples.",
      "Arguments": null
    },
    {
      "Name": "--verbose",
      "Alias": null,
      "Short": null,
      "Attribute": "",
      "Description": "Increase logging verbosity. Use --debug for full debug logs.",
      "Arguments": null
    }
  ],
  "Examples": null,
  "Name": "get-access-token",
  "Description": "Get a token for utilities to access Azure."
}