{
  "Options": [
    {
      "Name": "--api",
      "Alias": null,
      "Short": null,
      "Attribute": "[Required]",
      "Description": "RequiredResourceAccess.resourceAppId - The unique identifier for the resource that the application requires access to. This should be equal to the appId declared on the target resource application.",
      "Arguments": null
    },
    {
      "Name": "--api-permissions",
      "Alias": null,
      "Short": null,
      "Attribute": "[Required]",
      "Description": "Space-separated list of {id}={type}. {id} is resourceAccess.id - The unique identifier for one of the oauth2PermissionScopes or appRole instances that the resource application exposes. {type} is resourceAccess.type - Specifies whether the id property references an oauth2PermissionScopes or an appRole. The possible values are: Scope (for OAuth 2.0 permission scopes) or Role (for app roles).",
      "Arguments": null
    },
    {
      "Name": "--id",
      "Alias": null,
      "Short": null,
      "Attribute": "[Required]",
      "Description": "Identifier uri, application id, or object id.",
      "Arguments": null
    },
    {
      "Name": "--debug",
      "Alias": null,
      "Short": null,
      "Attribute": "",
      "Description": "Increase logging verbosity to show all debug logs.",
      "Arguments": null
    },
    {
      "Name": "--help",
      "Alias": null,
      "Short": [
        "-h "
      ],
      "Attribute": "",
      "Description": "Show this help message and exit.",
      "Arguments": null
    },
    {
      "Name": "--only-show-errors",
      "Alias": null,
      "Short": null,
      "Attribute": "",
      "Description": "Only show errors, suppressing warnings.",
      "Arguments": null
    },
    {
      "Name": "--output",
      "Alias": null,
      "Short": [
        "-o "
      ],
      "Attribute": "",
      "Description": "Output format.  Allowed values: json, jsonc, none, table, tsv, yaml, yamlc.  Default: json.",
      "Arguments": [
        "json",
        "jsonc",
        "none",
        "table",
        "tsv",
        "yaml",
        "yamlc"
      ]
    },
    {
      "Name": "--query",
      "Alias": null,
      "Short": null,
      "Attribute": "",
      "Description": "JMESPath query string. See http://jmespath.org/ for more information and examples.",
      "Arguments": null
    },
    {
      "Name": "--verbose",
      "Alias": null,
      "Short": null,
      "Attribute": "",
      "Description": "Increase logging verbosity. Use --debug for full debug logs.",
      "Arguments": null
    }
  ],
  "Examples": null,
  "Name": "add",
  "Description": "Add an API permission."
}