{
  "Options": [
    {
      "Name": "--api",
      "Alias": [
        "--resource-id "
      ],
      "Short": null,
      "Attribute": "[Required]",
      "Description": "The id of the resource service principal to which access is authorized. This identifies the API which the client is authorized to attempt to call on behalf of a signed-in user.",
      "Arguments": null
    },
    {
      "Name": "--id",
      "Alias": [
        "--client-id "
      ],
      "Short": null,
      "Attribute": "[Required]",
      "Description": "The id of the client service principal for the application which is authorized to act on behalf of a signed-in user when accessing an API.",
      "Arguments": null
    },
    {
      "Name": "--scope",
      "Alias": null,
      "Short": null,
      "Attribute": "[Required]",
      "Description": "A space-separated list of the claim values for delegated permissions which should be included in access tokens for the resource application (the API). For example, openid User.Read GroupMember.Read.All. Each claim value should match the value field of one of the delegated permissions defined by the API, listed in the oauth2PermissionScopes property of the resource service principal.",
      "Arguments": null
    },
    {
      "Name": "--consent-type",
      "Alias": null,
      "Short": null,
      "Attribute": "",
      "Description": "Indicates whether authorization is granted for the client application to impersonate all users or only a specific user. \u0027AllPrincipals\u0027 indicates authorization to impersonate all users. \u0027Principal\u0027 indicates authorization to impersonate a specific user. Consent on behalf of all users can be granted by an administrator. Non-admin users may be authorized to consent on behalf of themselves in some cases, for some delegated permissions.  Allowed values: AllPrincipals, Principal.  Default: AllPrincipals.",
      "Arguments": [
        "AllPrincipals",
        "Principal"
      ]
    },
    {
      "Name": "--principal-id",
      "Alias": null,
      "Short": null,
      "Attribute": "",
      "Description": "The id of the user on behalf of whom the client is authorized to access the resource, when consentType is \u0027Principal\u0027. If consentType is \u0027AllPrincipals\u0027 this value is null. Required when consentType is \u0027Principal\u0027.",
      "Arguments": null
    },
    {
      "Name": "--debug",
      "Alias": null,
      "Short": null,
      "Attribute": "",
      "Description": "Increase logging verbosity to show all debug logs.",
      "Arguments": null
    },
    {
      "Name": "--help",
      "Alias": null,
      "Short": [
        "-h "
      ],
      "Attribute": "",
      "Description": "Show this help message and exit.",
      "Arguments": null
    },
    {
      "Name": "--only-show-errors",
      "Alias": null,
      "Short": null,
      "Attribute": "",
      "Description": "Only show errors, suppressing warnings.",
      "Arguments": null
    },
    {
      "Name": "--output",
      "Alias": null,
      "Short": [
        "-o "
      ],
      "Attribute": "",
      "Description": "Output format.  Allowed values: json, jsonc, none, table, tsv, yaml, yamlc.  Default: json.",
      "Arguments": [
        "json",
        "jsonc",
        "none",
        "table",
        "tsv",
        "yaml",
        "yamlc"
      ]
    },
    {
      "Name": "--query",
      "Alias": null,
      "Short": null,
      "Attribute": "",
      "Description": "JMESPath query string. See http://jmespath.org/ for more information and examples.",
      "Arguments": null
    },
    {
      "Name": "--verbose",
      "Alias": null,
      "Short": null,
      "Attribute": "",
      "Description": "Increase logging verbosity. Use --debug for full debug logs.",
      "Arguments": null
    }
  ],
  "Examples": null,
  "Name": "grant",
  "Description": "Grant the app an API Delegated permissions."
}