{
  "Options": [
    {
      "Name": "--filter",
      "Alias": null,
      "Short": null,
      "Attribute": "",
      "Description": "OData filter, e.g. --filter \u0022displayname eq \u0027test\u0027 and servicePrincipalType eq \u0027Application\u0027\u0022.",
      "Arguments": null
    },
    {
      "Name": "--id",
      "Alias": null,
      "Short": null,
      "Attribute": "",
      "Description": "Identifier uri, application id, or object id.",
      "Arguments": null
    },
    {
      "Name": "--show-resource-name",
      "Alias": null,
      "Short": [
        "-r "
      ],
      "Attribute": "",
      "Description": "Show resource\u0027s display name.  Allowed values: false, true.",
      "Arguments": null
    },
    {
      "Name": "--debug",
      "Alias": null,
      "Short": null,
      "Attribute": "",
      "Description": "Increase logging verbosity to show all debug logs.",
      "Arguments": null
    },
    {
      "Name": "--help",
      "Alias": null,
      "Short": [
        "-h "
      ],
      "Attribute": "",
      "Description": "Show this help message and exit.",
      "Arguments": null
    },
    {
      "Name": "--only-show-errors",
      "Alias": null,
      "Short": null,
      "Attribute": "",
      "Description": "Only show errors, suppressing warnings.",
      "Arguments": null
    },
    {
      "Name": "--output",
      "Alias": null,
      "Short": [
        "-o "
      ],
      "Attribute": "",
      "Description": "Output format.  Allowed values: json, jsonc, none, table, tsv, yaml, yamlc.  Default: json.",
      "Arguments": [
        "json",
        "jsonc",
        "none",
        "table",
        "tsv",
        "yaml",
        "yamlc"
      ]
    },
    {
      "Name": "--query",
      "Alias": null,
      "Short": null,
      "Attribute": "",
      "Description": "JMESPath query string. See http://jmespath.org/ for more information and examples.",
      "Arguments": null
    },
    {
      "Name": "--verbose",
      "Alias": null,
      "Short": null,
      "Attribute": "",
      "Description": "Increase logging verbosity. Use --debug for full debug logs.",
      "Arguments": null
    }
  ],
  "Examples": null,
  "Name": "list-grants",
  "Description": "List Oauth2 permission grants."
}