[
  {
    "Name": "add",
    "Type": 1,
    "Attribute": "",
    "Description": "Add an API permission."
  },
  {
    "Name": "admin-consent",
    "Type": 1,
    "Attribute": "",
    "Description": "Grant Application \u0026 Delegated permissions through admin-consent."
  },
  {
    "Name": "delete",
    "Type": 1,
    "Attribute": "",
    "Description": "Remove an API permission."
  },
  {
    "Name": "grant",
    "Type": 1,
    "Attribute": "",
    "Description": "Grant the app an API Delegated permissions."
  },
  {
    "Name": "list",
    "Type": 1,
    "Attribute": "",
    "Description": "List API permissions the application has requested."
  },
  {
    "Name": "list-grants",
    "Type": 1,
    "Attribute": "",
    "Description": "List Oauth2 permission grants."
  }
]