[
  {
    "Name": "add",
    "Type": 1,
    "Attribute": "",
    "Description": "Attach a secondary storage to an Azure Media Services account."
  },
  {
    "Name": "remove",
    "Type": 1,
    "Attribute": "",
    "Description": "Detach a secondary storage from an Azure Media Services account."
  },
  {
    "Name": "set-authentication",
    "Type": 1,
    "Attribute": "",
    "Description": "Set the authentication of a storage account attached to an Azure Media Services account."
  },
  {
    "Name": "sync-storage-keys",
    "Type": 1,
    "Attribute": "",
    "Description": "Synchronize storage account keys for a storage account associated with an Azure Media Services account."
  }
]