[
  {
    "Name": "app",
    "Type": 0,
    "Attribute": "",
    "Description": "Manage applications with AAD Graph."
  },
  {
    "Name": "group",
    "Type": 0,
    "Attribute": "",
    "Description": "Manage Azure Active Directory groups."
  },
  {
    "Name": "signed-in-user",
    "Type": 0,
    "Attribute": "",
    "Description": "Show graph information about current signed-in user in CLI."
  },
  {
    "Name": "sp",
    "Type": 0,
    "Attribute": "",
    "Description": "Manage Azure Active Directory service principals for automation authentication."
  },
  {
    "Name": "user",
    "Type": 0,
    "Attribute": "",
    "Description": "Manage Azure Active Directory users and user authentication."
  }
]