[
  {
    "Name": "account",
    "Type": 0,
    "Attribute": "",
    "Description": "Manage Azure Media Services accounts."
  },
  {
    "Name": "account-filter",
    "Type": 0,
    "Attribute": "",
    "Description": "Manage account filters for an Azure Media Services account."
  },
  {
    "Name": "asset",
    "Type": 0,
    "Attribute": "",
    "Description": "Manage assets for an Azure Media Services account."
  },
  {
    "Name": "asset-filter",
    "Type": 0,
    "Attribute": "",
    "Description": "Manage asset filters for an Azure Media Services account."
  },
  {
    "Name": "asset-track",
    "Type": 0,
    "Attribute": "",
    "Description": "Manage asset tracks for an Azure Media Services account."
  },
  {
    "Name": "content-key-policy",
    "Type": 0,
    "Attribute": "",
    "Description": "Manage content key policies for an Azure Media Services account."
  },
  {
    "Name": "job",
    "Type": 0,
    "Attribute": "",
    "Description": "Manage jobs for a transform."
  },
  {
    "Name": "live-event",
    "Type": 0,
    "Attribute": "",
    "Description": "Manage live events for an Azure Media Service account."
  },
  {
    "Name": "live-output",
    "Type": 0,
    "Attribute": "",
    "Description": "Manage live outputs for an Azure Media Service account."
  },
  {
    "Name": "streaming-endpoint",
    "Type": 0,
    "Attribute": "",
    "Description": "Manage streaming endpoints for an Azure Media Service account."
  },
  {
    "Name": "streaming-locator",
    "Type": 0,
    "Attribute": "",
    "Description": "Manage streaming locators for an Azure Media Services account."
  },
  {
    "Name": "streaming-policy",
    "Type": 0,
    "Attribute": "",
    "Description": "Manage streaming policies for an Azure Media Services account."
  },
  {
    "Name": "transform",
    "Type": 0,
    "Attribute": "",
    "Description": "Manage transforms for an Azure Media Services account."
  }
]