{
  "Options": [
    {
      "Name": "--custom-domains",
      "Alias": null,
      "Short": null,
      "Attribute": "[Required]",
      "Description": "The domains to be included.  Support shorthand-syntax, json- file and yaml-file. Try \u0022??\u0022 to show more.",
      "Arguments": null
    },
    {
      "Name": "--date-time-begin",
      "Alias": null,
      "Short": null,
      "Attribute": "[Required]",
      "Description": "The start datetime.",
      "Arguments": null
    },
    {
      "Name": "--date-time-end",
      "Alias": null,
      "Short": null,
      "Attribute": "[Required]",
      "Description": "The end datetime.",
      "Arguments": null
    },
    {
      "Name": "--granularity",
      "Alias": null,
      "Short": null,
      "Attribute": "[Required]",
      "Description": "The interval granularity.  Allowed values: P1D, PT1H, PT5M.",
      "Arguments": [
        "P1D",
        "PT1H",
        "PT5M"
      ]
    },
    {
      "Name": "--metrics",
      "Alias": null,
      "Short": null,
      "Attribute": "[Required]",
      "Description": "Metric types to include.  Support shorthand-syntax, json-file and yaml-file. Try \u0022??\u0022 to show more.",
      "Arguments": null
    },
    {
      "Name": "--profile-name",
      "Alias": null,
      "Short": null,
      "Attribute": "[Required]",
      "Description": "Name of the Azure Front Door Standard or Azure Front Door Premium profile which is unique within the resource group. which is unique within the resource group.",
      "Arguments": null
    },
    {
      "Name": "--protocols",
      "Alias": null,
      "Short": null,
      "Attribute": "[Required]",
      "Description": "The protocols to be included.  Support shorthand-syntax, json- file and yaml-file. Try \u0022??\u0022 to show more.",
      "Arguments": null
    },
    {
      "Name": "--resource-group",
      "Alias": null,
      "Short": [
        "-g "
      ],
      "Attribute": "[Required]",
      "Description": "Name of resource group. You can configure the default group using \u0060az configure --defaults group=\u003Cname\u003E\u0060.",
      "Arguments": null
    },
    {
      "Name": "--continents",
      "Alias": null,
      "Short": null,
      "Attribute": "",
      "Description": "Support shorthand-syntax, json-file and yaml-file. Try \u0022??\u0022 to show more.",
      "Arguments": null
    },
    {
      "Name": "--country-or-regions",
      "Alias": null,
      "Short": null,
      "Attribute": "",
      "Description": "Support shorthand-syntax, json-file and yaml-file. Try \u0022??\u0022 to show more.",
      "Arguments": null
    },
    {
      "Name": "--group-by",
      "Alias": null,
      "Short": null,
      "Attribute": "",
      "Description": "Support shorthand-syntax, json-file and yaml-file. Try \u0022??\u0022 to show more.",
      "Arguments": null
    },
    {
      "Name": "--debug",
      "Alias": null,
      "Short": null,
      "Attribute": "",
      "Description": "Increase logging verbosity to show all debug logs.",
      "Arguments": null
    },
    {
      "Name": "--help",
      "Alias": null,
      "Short": [
        "-h "
      ],
      "Attribute": "",
      "Description": "Show this help message and exit.",
      "Arguments": null
    },
    {
      "Name": "--only-show-errors",
      "Alias": null,
      "Short": null,
      "Attribute": "",
      "Description": "Only show errors, suppressing warnings.",
      "Arguments": null
    },
    {
      "Name": "--output",
      "Alias": null,
      "Short": [
        "-o "
      ],
      "Attribute": "",
      "Description": "Output format.  Allowed values: json, jsonc, none, table, tsv, yaml, yamlc.  Default: json.",
      "Arguments": [
        "json",
        "jsonc",
        "none",
        "table",
        "tsv",
        "yaml",
        "yamlc"
      ]
    },
    {
      "Name": "--query",
      "Alias": null,
      "Short": null,
      "Attribute": "",
      "Description": "JMESPath query string. See http://jmespath.org/ for more information and examples.",
      "Arguments": null
    },
    {
      "Name": "--subscription",
      "Alias": null,
      "Short": null,
      "Attribute": "",
      "Description": "Name or ID of subscription. You can configure the default subscription using \u0060az account set -s NAME_OR_ID\u0060.",
      "Arguments": null
    },
    {
      "Name": "--verbose",
      "Alias": null,
      "Short": null,
      "Attribute": "",
      "Description": "Increase logging verbosity. Use --debug for full debug logs.",
      "Arguments": null
    }
  ],
  "Examples": null,
  "Name": "list",
  "Description": "Get log report for AFD profile."
}