{
  "Options": [
    {
      "Name": "--name",
      "Alias": [
        "--secret-name "
      ],
      "Short": [
        "-n "
      ],
      "Attribute": "[Required]",
      "Description": "Name of the Secret under the profile.",
      "Arguments": null
    },
    {
      "Name": "--profile-name",
      "Alias": null,
      "Short": null,
      "Attribute": "[Required]",
      "Description": "Name of the Azure Front Door Standard or Azure Front Door Premium profile which is unique within the resource group.",
      "Arguments": null
    },
    {
      "Name": "--resource-group",
      "Alias": null,
      "Short": [
        "-g "
      ],
      "Attribute": "[Required]",
      "Description": "Name of resource group. You can configure the default group using \u0060az configure --defaults group=\u003Cname\u003E\u0060.",
      "Arguments": null
    },
    {
      "Name": "--secret-source",
      "Alias": null,
      "Short": null,
      "Attribute": "[Required]",
      "Description": "Resource ID of the Azure Key Vault certificate, expected format is like/subscriptions/sub1/resourceGroups/rg1/provid ers/Microsoft.KeyVault/vaults/vault1/secrets/cert1.",
      "Arguments": null
    },
    {
      "Name": "--no-wait",
      "Alias": null,
      "Short": null,
      "Attribute": "",
      "Description": "Do not wait for the long-running operation to finish. Allowed values: 0, 1, f, false, n, no, t, true, y, yes.",
      "Arguments": [
        "0",
        "1",
        "f",
        "false",
        "n",
        "no",
        "t",
        "true",
        "y",
        "yes"
      ]
    },
    {
      "Name": "--secret-version",
      "Alias": null,
      "Short": null,
      "Attribute": "",
      "Description": "Version of the certificate to be used.",
      "Arguments": null
    },
    {
      "Name": "--use-latest-version",
      "Alias": null,
      "Short": null,
      "Attribute": "",
      "Description": "Whether to use the latest version for the certificate. Allowed values: 0, 1, f, false, n, no, t, true, y, yes.",
      "Arguments": [
        "0",
        "1",
        "f",
        "false",
        "n",
        "no",
        "t",
        "true",
        "y",
        "yes"
      ]
    },
    {
      "Name": "--debug",
      "Alias": null,
      "Short": null,
      "Attribute": "",
      "Description": "Increase logging verbosity to show all debug logs.",
      "Arguments": null
    },
    {
      "Name": "--help",
      "Alias": null,
      "Short": [
        "-h "
      ],
      "Attribute": "",
      "Description": "Show this help message and exit.",
      "Arguments": null
    },
    {
      "Name": "--only-show-errors",
      "Alias": null,
      "Short": null,
      "Attribute": "",
      "Description": "Only show errors, suppressing warnings.",
      "Arguments": null
    },
    {
      "Name": "--output",
      "Alias": null,
      "Short": [
        "-o "
      ],
      "Attribute": "",
      "Description": "Output format.  Allowed values: json, jsonc, none, table, tsv, yaml, yamlc.  Default: json.",
      "Arguments": [
        "json",
        "jsonc",
        "none",
        "table",
        "tsv",
        "yaml",
        "yamlc"
      ]
    },
    {
      "Name": "--query",
      "Alias": null,
      "Short": null,
      "Attribute": "",
      "Description": "JMESPath query string. See http://jmespath.org/ for more information and examples.",
      "Arguments": null
    },
    {
      "Name": "--subscription",
      "Alias": null,
      "Short": null,
      "Attribute": "",
      "Description": "Name or ID of subscription. You can configure the default subscription using \u0060az account set -s NAME_OR_ID\u0060.",
      "Arguments": null
    },
    {
      "Name": "--verbose",
      "Alias": null,
      "Short": null,
      "Attribute": "",
      "Description": "Increase logging verbosity. Use --debug for full debug logs.",
      "Arguments": null
    }
  ],
  "Examples": null,
  "Name": "create",
  "Description": "Create a new Secret within the specified profile."
}