[
  {
    "Name": "create",
    "Type": 1,
    "Attribute": "",
    "Description": "Create a new Secret within the specified profile."
  },
  {
    "Name": "delete",
    "Type": 1,
    "Attribute": "",
    "Description": "Delete an existing Secret within profile."
  },
  {
    "Name": "list",
    "Type": 1,
    "Attribute": "",
    "Description": "List existing AzureFrontDoor secrets."
  },
  {
    "Name": "show",
    "Type": 1,
    "Attribute": "",
    "Description": "Get an existing Secret within a profile."
  },
  {
    "Name": "update",
    "Type": 1,
    "Attribute": "",
    "Description": "Update a new Secret within the specified profile."
  },
  {
    "Name": "wait",
    "Type": 1,
    "Attribute": "",
    "Description": "Place the CLI in a waiting state until a condition is met."
  }
]