{
  "Options": [
    {
      "Name": "--endpoint-name",
      "Alias": null,
      "Short": null,
      "Attribute": "[Required]",
      "Description": "Name of the endpoint under the profile which is unique globally.",
      "Arguments": null
    },
    {
      "Name": "--name",
      "Alias": [
        "--route-name "
      ],
      "Short": [
        "-n "
      ],
      "Attribute": "[Required]",
      "Description": "Name of the routing rule.",
      "Arguments": null
    },
    {
      "Name": "--profile-name",
      "Alias": null,
      "Short": null,
      "Attribute": "[Required]",
      "Description": "Name of the Azure Front Door Standard or Azure Front Door Premium profile which is unique within the resource group.",
      "Arguments": null
    },
    {
      "Name": "--resource-group",
      "Alias": null,
      "Short": [
        "-g "
      ],
      "Attribute": "[Required]",
      "Description": "Name of resource group. You can configure the default group using \u0060az configure --defaults group=\u003Cname\u003E\u0060.",
      "Arguments": null
    },
    {
      "Name": "--content-types-to-compress",
      "Alias": null,
      "Short": null,
      "Attribute": "",
      "Description": "List of content types on which compression applies.  Support shorthand-syntax, json-file and yaml-file. Try \u0022??\u0022 to show more.",
      "Arguments": null
    },
    {
      "Name": "--custom-domains",
      "Alias": null,
      "Short": null,
      "Attribute": "",
      "Description": "Custom domains referenced by this endpoint.  Support shorthand-syntax, json-file and yaml-file. Try \u0022??\u0022 to show more.",
      "Arguments": null
    },
    {
      "Name": "--enable-caching",
      "Alias": null,
      "Short": null,
      "Attribute": "",
      "Description": "Indicates whether caching is enanbled on that route. Allowed values: 0, 1, f, false, n, no, t, true, y, yes.",
      "Arguments": [
        "0",
        "1",
        "f",
        "false",
        "n",
        "no",
        "t",
        "true",
        "y",
        "yes"
      ]
    },
    {
      "Name": "--enable-compression",
      "Alias": null,
      "Short": null,
      "Attribute": "",
      "Description": "Indicates whether content compression is enabled on AzureFrontDoor. Default value is false. If compression is enabled,content will be served as compressed if user requests for a compressed version.Content won\u0027t be compressed on AzureFrontDoorwhen requested content is smaller than 1 byte or larger than 1 MB.  Allowed values: 0, 1, f, false, n, no, t, true, y, yes.",
      "Arguments": [
        "0",
        "1",
        "f",
        "false",
        "n",
        "no",
        "t",
        "true",
        "y",
        "yes"
      ]
    },
    {
      "Name": "--no-wait",
      "Alias": null,
      "Short": null,
      "Attribute": "",
      "Description": "Do not wait for the long-running operation to finish. Allowed values: 0, 1, f, false, n, no, t, true, y, yes.",
      "Arguments": [
        "0",
        "1",
        "f",
        "false",
        "n",
        "no",
        "t",
        "true",
        "y",
        "yes"
      ]
    },
    {
      "Name": "--query-parameters",
      "Alias": null,
      "Short": null,
      "Attribute": "",
      "Description": "Query parameters to include or exclude.  Support shorthand- syntax, json-file and yaml-file. Try \u0022??\u0022 to show more.",
      "Arguments": null
    },
    {
      "Name": "--query-string-caching-behavior",
      "Alias": null,
      "Short": null,
      "Attribute": "",
      "Description": "Defines how Frontdoor caches requests that include query strings.You can ignore any query strings when caching, ignore specific query strings,cache every request with a unique URL, or cache specific query strings.",
      "Arguments": null
    },
    {
      "Name": "--rule-sets",
      "Alias": null,
      "Short": null,
      "Attribute": "",
      "Description": "Collection of ID or name of rule set referenced by the route.  Support shorthand-syntax, json-file and yaml-file. Try \u0022??\u0022 to show more.",
      "Arguments": null
    },
    {
      "Name": "--origin-group",
      "Alias": null,
      "Short": null,
      "Attribute": "",
      "Description": "Name or ID of the origin group to be associated with.",
      "Arguments": null
    },
    {
      "Name": "--enabled-state",
      "Alias": null,
      "Short": null,
      "Attribute": "",
      "Description": "Whether to enable use of this rule. Permitted values are \u0027Enabled\u0027 or \u0027Disabled\u0027.  Allowed values: Disabled, Enabled.",
      "Arguments": [
        "Disabled",
        "Enabled"
      ]
    },
    {
      "Name": "--forwarding-protocol",
      "Alias": null,
      "Short": null,
      "Attribute": "",
      "Description": "Protocol this rule will use when forwarding traffic to backends.  Allowed values: HttpOnly, HttpsOnly, MatchRequest.  Default: MatchRequest.",
      "Arguments": [
        "HttpOnly",
        "HttpsOnly",
        "MatchRequest"
      ]
    },
    {
      "Name": "--https-redirect",
      "Alias": null,
      "Short": null,
      "Attribute": "",
      "Description": "Whether to automatically redirect HTTP traffic to HTTPS traffic. Note that this is a easy way to set up this rule and it will be the first rule that gets executed.  Allowed values: Disabled, Enabled.  Default: Disabled.",
      "Arguments": [
        "Disabled",
        "Enabled"
      ]
    },
    {
      "Name": "--link-to-default-domain",
      "Alias": null,
      "Short": null,
      "Attribute": "",
      "Description": "Whether this route will be linked to the default endpoint domain.  Allowed values: Disabled, Enabled.  Default: Disabled.",
      "Arguments": [
        "Disabled",
        "Enabled"
      ]
    },
    {
      "Name": "--origin-path",
      "Alias": null,
      "Short": null,
      "Attribute": "",
      "Description": "A directory path on the origin that AzureFrontDoor can use to retrieve content from, e.g. contoso.cloudapp.net/originpath.",
      "Arguments": null
    },
    {
      "Name": "--patterns-to-match",
      "Alias": null,
      "Short": null,
      "Attribute": "",
      "Description": "The route patterns of the rule.  Support shorthand-syntax, json-file and yaml-file. Try \u0022??\u0022 to show more.",
      "Arguments": null
    },
    {
      "Name": "--supported-protocols",
      "Alias": null,
      "Short": null,
      "Attribute": "",
      "Description": "List of supported protocols for this route.  Support shorthand-syntax, json-file and yaml-file. Try \u0022??\u0022 to show more.  Default: [\u0027Http\u0027, \u0027Https\u0027].",
      "Arguments": null
    },
    {
      "Name": "--debug",
      "Alias": null,
      "Short": null,
      "Attribute": "",
      "Description": "Increase logging verbosity to show all debug logs.",
      "Arguments": null
    },
    {
      "Name": "--help",
      "Alias": null,
      "Short": [
        "-h "
      ],
      "Attribute": "",
      "Description": "Show this help message and exit.",
      "Arguments": null
    },
    {
      "Name": "--only-show-errors",
      "Alias": null,
      "Short": null,
      "Attribute": "",
      "Description": "Only show errors, suppressing warnings.",
      "Arguments": null
    },
    {
      "Name": "--output",
      "Alias": null,
      "Short": [
        "-o "
      ],
      "Attribute": "",
      "Description": "Output format.  Allowed values: json, jsonc, none, table, tsv, yaml, yamlc.  Default: json.",
      "Arguments": [
        "json",
        "jsonc",
        "none",
        "table",
        "tsv",
        "yaml",
        "yamlc"
      ]
    },
    {
      "Name": "--query",
      "Alias": null,
      "Short": null,
      "Attribute": "",
      "Description": "JMESPath query string. See http://jmespath.org/ for more information and examples.",
      "Arguments": null
    },
    {
      "Name": "--subscription",
      "Alias": null,
      "Short": null,
      "Attribute": "",
      "Description": "Name or ID of subscription. You can configure the default subscription using \u0060az account set -s NAME_OR_ID\u0060.",
      "Arguments": null
    },
    {
      "Name": "--verbose",
      "Alias": null,
      "Short": null,
      "Attribute": "",
      "Description": "Increase logging verbosity. Use --debug for full debug logs.",
      "Arguments": null
    }
  ],
  "Examples": null,
  "Name": "create",
  "Description": "Create a new route with the specified route name under the specified subscription, resource group, profile, and AzureFrontDoor endpoint."
}