[
  {
    "Name": "create",
    "Type": 1,
    "Attribute": "",
    "Description": "Create a new route with the specified route name under the specified subscription, resource group, profile, and AzureFrontDoor endpoint."
  },
  {
    "Name": "delete",
    "Type": 1,
    "Attribute": "",
    "Description": "Delete an existing route with the specified route name under the specified subscription, resource group, profile, and AzureFrontDoor endpoint."
  },
  {
    "Name": "list",
    "Type": 1,
    "Attribute": "",
    "Description": "List all of the existing origins within a profile."
  },
  {
    "Name": "show",
    "Type": 1,
    "Attribute": "",
    "Description": "Get an existing route with the specified route name under the specified subscription, resource group, profile, and AzureFrontDoor endpoint."
  },
  {
    "Name": "update",
    "Type": 1,
    "Attribute": "",
    "Description": "Update a new route with the specified route name under the specified subscription, resource group, profile, and AzureFrontDoor endpoint."
  },
  {
    "Name": "wait",
    "Type": 1,
    "Attribute": "",
    "Description": "Place the CLI in a waiting state until a condition is met."
  }
]