{
  "Options": [
    {
      "Name": "--password",
      "Alias": null,
      "Short": [
        "-p "
      ],
      "Attribute": "",
      "Description": "The friendly name of the password. The actual password will be an autogenerated strong password which will be displayed after the command runs.",
      "Arguments": null
    },
    {
      "Name": "--role",
      "Alias": null,
      "Short": null,
      "Attribute": "",
      "Description": "The role of the service principal.  Default: Contributor.",
      "Arguments": null
    },
    {
      "Name": "--xml",
      "Alias": null,
      "Short": null,
      "Attribute": "",
      "Description": "Enables xml output format.",
      "Arguments": null
    },
    {
      "Name": "--years",
      "Alias": null,
      "Short": null,
      "Attribute": "",
      "Description": "Number of years for which the secret will be valid. Default: 1 year. Default: 1.",
      "Arguments": null
    },
    {
      "Name": "--account-name",
      "Alias": null,
      "Short": [
        "-a "
      ],
      "Attribute": "",
      "Description": "The name of the Azure Media Services account.",
      "Arguments": null
    },
    {
      "Name": "--ids",
      "Alias": null,
      "Short": null,
      "Attribute": "",
      "Description": "One or more resource IDs (space-delimited). It should be a complete resource ID containing all information of \u0027Resource Id\u0027 arguments. You should provide either --ids or other \u0027Resource Id\u0027 arguments.",
      "Arguments": null
    },
    {
      "Name": "--name",
      "Alias": null,
      "Short": [
        "-n "
      ],
      "Attribute": "",
      "Description": "The app name or app URI to associate the RBAC with. If not present, a default name like \u0027{amsaccountname}-access-sp\u0027 will be generated.",
      "Arguments": null
    },
    {
      "Name": "--resource-group",
      "Alias": null,
      "Short": [
        "-g "
      ],
      "Attribute": "",
      "Description": "Name of resource group. You can configure the default group using \u0060az configure --defaults group=\u003Cname\u003E\u0060.",
      "Arguments": null
    },
    {
      "Name": "--subscription",
      "Alias": null,
      "Short": null,
      "Attribute": "",
      "Description": "Name or ID of subscription. You can configure the default subscription using \u0060az account set -s NAME_OR_ID\u0060.",
      "Arguments": null
    },
    {
      "Name": "--debug",
      "Alias": null,
      "Short": null,
      "Attribute": "",
      "Description": "Increase logging verbosity to show all debug logs.",
      "Arguments": null
    },
    {
      "Name": "--help",
      "Alias": null,
      "Short": [
        "-h "
      ],
      "Attribute": "",
      "Description": "Show this help message and exit.",
      "Arguments": null
    },
    {
      "Name": "--only-show-errors",
      "Alias": null,
      "Short": null,
      "Attribute": "",
      "Description": "Only show errors, suppressing warnings.",
      "Arguments": null
    },
    {
      "Name": "--output",
      "Alias": null,
      "Short": [
        "-o "
      ],
      "Attribute": "",
      "Description": "Output format.  Allowed values: json, jsonc, none, table, tsv, yaml, yamlc.  Default: json.",
      "Arguments": [
        "json",
        "jsonc",
        "none",
        "table",
        "tsv",
        "yaml",
        "yamlc"
      ]
    },
    {
      "Name": "--query",
      "Alias": null,
      "Short": null,
      "Attribute": "",
      "Description": "JMESPath query string. See http://jmespath.org/ for more information and examples.",
      "Arguments": null
    },
    {
      "Name": "--verbose",
      "Alias": null,
      "Short": null,
      "Attribute": "",
      "Description": "Increase logging verbosity. Use --debug for full debug logs.",
      "Arguments": null
    }
  ],
  "Examples": null,
  "Name": "reset-credentials",
  "Description": "Generate a new client secret for a service principal configured for an Azure Media Services account."
}