[
  {
    "Name": "create",
    "Type": 1,
    "Attribute": "",
    "Description": "Create a nodepool snapshot."
  },
  {
    "Name": "delete",
    "Type": 1,
    "Attribute": "",
    "Description": "Delete a nodepool snapshot."
  },
  {
    "Name": "list",
    "Type": 1,
    "Attribute": "",
    "Description": "List nodepool snapshots."
  },
  {
    "Name": "show",
    "Type": 1,
    "Attribute": "",
    "Description": "Show the details of a nodepool snapshot."
  },
  {
    "Name": "update",
    "Type": 1,
    "Attribute": "",
    "Description": "Update tags on a snapshot of a nodepool."
  },
  {
    "Name": "wait",
    "Type": 1,
    "Attribute": "",
    "Description": "Wait for a nodepool snapshot to reach a desired state."
  }
]