[
  {
    "Name": "add",
    "Type": 1,
    "Attribute": "",
    "Description": "Add a timer trigger to a task."
  },
  {
    "Name": "list",
    "Type": 1,
    "Attribute": "",
    "Description": "List all timer triggers for a task."
  },
  {
    "Name": "remove",
    "Type": 1,
    "Attribute": "",
    "Description": "Remove a timer trigger from a task."
  },
  {
    "Name": "update",
    "Type": 1,
    "Attribute": "",
    "Description": "Update the timer trigger for a task."
  }
]