{
  "Options": [
    {
      "Name": "--cluster-name",
      "Alias": null,
      "Short": null,
      "Attribute": "[Required]",
      "Description": "The cluster name.",
      "Arguments": null
    },
    {
      "Name": "--name",
      "Alias": null,
      "Short": [
        "-n "
      ],
      "Attribute": "[Required]",
      "Description": "The config name.",
      "Arguments": null
    },
    {
      "Name": "--resource-group",
      "Alias": null,
      "Short": [
        "-g "
      ],
      "Attribute": "[Required]",
      "Description": "Name of resource group. You can configure the default group using \u0060az configure --defaults group=\u003Cname\u003E\u0060.",
      "Arguments": null
    },
    {
      "Name": "--config-file",
      "Alias": null,
      "Short": null,
      "Attribute": "",
      "Description": "The maintenance configuration json file.",
      "Arguments": null
    },
    {
      "Name": "--day-of-month",
      "Alias": null,
      "Short": null,
      "Attribute": "",
      "Description": "Specify on which day of the month the maintenance occurs. E.g. 1 indicates the 1st of the month. Applicable to absolute monthly schedule type only.",
      "Arguments": null
    },
    {
      "Name": "--day-of-week",
      "Alias": null,
      "Short": null,
      "Attribute": "",
      "Description": "Specify on which day of the week the maintenance occurs. E.g. \u0022Monday\u0022. Applicable to weekly and relative monthly schedule types.",
      "Arguments": null
    },
    {
      "Name": "--duration",
      "Alias": null,
      "Short": null,
      "Attribute": "",
      "Description": "The length of maintenance window range from 4 to 24 hours.",
      "Arguments": null
    },
    {
      "Name": "--interval-days",
      "Alias": null,
      "Short": null,
      "Attribute": "",
      "Description": "The number of days between each set of occurrences for daily schedule type.",
      "Arguments": null
    },
    {
      "Name": "--interval-months",
      "Alias": null,
      "Short": null,
      "Attribute": "",
      "Description": "The number of months between each set of occurrences. Applicable to absolute and relative monthly schedule types.",
      "Arguments": null
    },
    {
      "Name": "--interval-weeks",
      "Alias": null,
      "Short": null,
      "Attribute": "",
      "Description": "The number of weeks between each set of occurrences. Applicable to weekly schedule types only.",
      "Arguments": null
    },
    {
      "Name": "--schedule-type",
      "Alias": null,
      "Short": null,
      "Attribute": "",
      "Description": "Choose either \u0027Daily\u0027, \u0027Weekly\u0027, \u0027AbsoluteMonthly\u0027 or \u0027RelativeMonthly\u0027 for your maintenance schedule. Only applicable to \u0027aksManagedAutoUpgradeSchedule\u0027 and \u0027aksManagedNodeOSUpgradeSchedule\u0027 maintenance configuration. Allowed values: AbsoluteMonthly, Daily, RelativeMonthly, Weekly.",
      "Arguments": [
        "AbsoluteMonthly",
        "Daily",
        "RelativeMonthly",
        "Weekly"
      ]
    },
    {
      "Name": "--start-date",
      "Alias": null,
      "Short": null,
      "Attribute": "",
      "Description": "The date the maintenance configuration activates. If not specified, the maintenance window will be active right away.\u0022.",
      "Arguments": null
    },
    {
      "Name": "--start-hour",
      "Alias": null,
      "Short": null,
      "Attribute": "",
      "Description": "The start time of 1 hour window which maintenance is allowd. E.g. 1 means it\u0027s allowd between 1:00 am and 2:00 am. Applicable to default maintenance configuration only.",
      "Arguments": null
    },
    {
      "Name": "--start-time",
      "Alias": null,
      "Short": null,
      "Attribute": "",
      "Description": "The start time of the maintenance window. Accepted values are from \u002700:00\u0027 to \u002723:59\u0027. \u0027--utc-offset\u0027 applies to this field. For example, \u002702:00\u0027 with \u0027--utc-offset \u002B02:00\u0027 means UTC time \u002700:00\u0027.",
      "Arguments": null
    },
    {
      "Name": "--utc-offset",
      "Alias": null,
      "Short": null,
      "Attribute": "",
      "Description": "The UTC offset in format \u002B/-HH:mm. For example, \u0027\u002B05:30\u0027 for IST and \u0027-07:00\u0027 for PST. If not specified, the default is \u0027\u002B00:00\u0027.",
      "Arguments": null
    },
    {
      "Name": "--week-index",
      "Alias": null,
      "Short": null,
      "Attribute": "",
      "Description": "Specify on which instance of the allowed days specified in \u0027-- day-of-week\u0027 the maintenance occurs. Applicable to relative monthly schedule type only.  Allowed values: First, Fourth, Last, Second, Third.",
      "Arguments": [
        "First",
        "Fourth",
        "Last",
        "Second",
        "Third"
      ]
    },
    {
      "Name": "--weekday",
      "Alias": null,
      "Short": null,
      "Attribute": "",
      "Description": "A day in week on which maintenance is allowed. E.g. Monday. Applicable to default maintenance configuration only.",
      "Arguments": null
    },
    {
      "Name": "--debug",
      "Alias": null,
      "Short": null,
      "Attribute": "",
      "Description": "Increase logging verbosity to show all debug logs.",
      "Arguments": null
    },
    {
      "Name": "--help",
      "Alias": null,
      "Short": [
        "-h "
      ],
      "Attribute": "",
      "Description": "Show this help message and exit.",
      "Arguments": null
    },
    {
      "Name": "--only-show-errors",
      "Alias": null,
      "Short": null,
      "Attribute": "",
      "Description": "Only show errors, suppressing warnings.",
      "Arguments": null
    },
    {
      "Name": "--output",
      "Alias": null,
      "Short": [
        "-o "
      ],
      "Attribute": "",
      "Description": "Output format.  Allowed values: json, jsonc, none, table, tsv, yaml, yamlc.  Default: json.",
      "Arguments": [
        "json",
        "jsonc",
        "none",
        "table",
        "tsv",
        "yaml",
        "yamlc"
      ]
    },
    {
      "Name": "--query",
      "Alias": null,
      "Short": null,
      "Attribute": "",
      "Description": "JMESPath query string. See http://jmespath.org/ for more information and examples.",
      "Arguments": null
    },
    {
      "Name": "--subscription",
      "Alias": null,
      "Short": null,
      "Attribute": "",
      "Description": "Name or ID of subscription. You can configure the default subscription using \u0060az account set -s NAME_OR_ID\u0060.",
      "Arguments": null
    },
    {
      "Name": "--verbose",
      "Alias": null,
      "Short": null,
      "Attribute": "",
      "Description": "Increase logging verbosity. Use --debug for full debug logs.",
      "Arguments": null
    }
  ],
  "Examples": null,
  "Name": "add",
  "Description": "Add a maintenance configuration in managed Kubernetes cluster."
}