[
  {
    "Name": "add",
    "Type": 1,
    "Attribute": "",
    "Description": "Add a maintenance configuration in managed Kubernetes cluster."
  },
  {
    "Name": "delete",
    "Type": 1,
    "Attribute": "",
    "Description": "Delete a maintenance configuration in managed Kubernetes cluster."
  },
  {
    "Name": "list",
    "Type": 1,
    "Attribute": "",
    "Description": "List maintenance configurations in managed Kubernetes cluster."
  },
  {
    "Name": "show",
    "Type": 1,
    "Attribute": "",
    "Description": "Show the details of a maintenance configuration in managed Kubernetes cluster."
  },
  {
    "Name": "update",
    "Type": 1,
    "Attribute": "",
    "Description": "Update a maintenance configuration of a managed Kubernetes cluster."
  }
]