{
  "Options": [
    {
      "Name": "--id",
      "Alias": null,
      "Short": null,
      "Attribute": "[Required]",
      "Description": "Service principal name, or object id.",
      "Arguments": null
    },
    {
      "Name": "--append",
      "Alias": null,
      "Short": null,
      "Attribute": "",
      "Description": "Append the new credential instead of overwriting.",
      "Arguments": null
    },
    {
      "Name": "--display-name",
      "Alias": null,
      "Short": null,
      "Attribute": "",
      "Description": "Friendly name for the credential.",
      "Arguments": null
    },
    {
      "Name": "--end-date",
      "Alias": null,
      "Short": null,
      "Attribute": "",
      "Description": "Finer grain of expiry time if \u0027--years\u0027 is insufficient, e.g. \u00272020-12-31T11:59:59\u002B00:00\u0027 or \u00272299-12-31\u0027.",
      "Arguments": null
    },
    {
      "Name": "--years",
      "Alias": null,
      "Short": null,
      "Attribute": "",
      "Description": "Number of years for which the credentials will be valid. Default: 1 year.",
      "Arguments": null
    },
    {
      "Name": "--cert",
      "Alias": null,
      "Short": null,
      "Attribute": "",
      "Description": "Certificate to use for credentials. When used with \u0060--keyvault,\u0060, indicates the name of the cert to use or create. Otherwise, supply a PEM or DER formatted public certificate string. Use \u0060@{path}\u0060 to load from a file. Do not include private key info.",
      "Arguments": null
    },
    {
      "Name": "--create-cert",
      "Alias": null,
      "Short": null,
      "Attribute": "",
      "Description": "Create a self-signed certificate to use for the credential. Only the current OS user has read/write permission to this certificate. Use with \u0060--keyvault\u0060 to create the certificate in Key Vault. Otherwise, a certificate will be created locally.",
      "Arguments": null
    },
    {
      "Name": "--keyvault",
      "Alias": null,
      "Short": null,
      "Attribute": "",
      "Description": "Name or ID of a KeyVault to use for creating or retrieving certificates.",
      "Arguments": null
    },
    {
      "Name": "--debug",
      "Alias": null,
      "Short": null,
      "Attribute": "",
      "Description": "Increase logging verbosity to show all debug logs.",
      "Arguments": null
    },
    {
      "Name": "--help",
      "Alias": null,
      "Short": [
        "-h "
      ],
      "Attribute": "",
      "Description": "Show this help message and exit.",
      "Arguments": null
    },
    {
      "Name": "--only-show-errors",
      "Alias": null,
      "Short": null,
      "Attribute": "",
      "Description": "Only show errors, suppressing warnings.",
      "Arguments": null
    },
    {
      "Name": "--output",
      "Alias": null,
      "Short": [
        "-o "
      ],
      "Attribute": "",
      "Description": "Output format.  Allowed values: json, jsonc, none, table, tsv, yaml, yamlc. Default: json.",
      "Arguments": [
        "json",
        "jsonc",
        "none",
        "table",
        "tsv",
        "yaml",
        "yamlc"
      ]
    },
    {
      "Name": "--query",
      "Alias": null,
      "Short": null,
      "Attribute": "",
      "Description": "JMESPath query string. See http://jmespath.org/ for more information and examples.",
      "Arguments": null
    },
    {
      "Name": "--verbose",
      "Alias": null,
      "Short": null,
      "Attribute": "",
      "Description": "Increase logging verbosity. Use --debug for full debug logs.",
      "Arguments": null
    }
  ],
  "Examples": null,
  "Name": "reset",
  "Description": "Reset a service principal\u0027s password or certificate credentials."
}