{
  "Options": [
    {
      "Name": "--first-quality",
      "Alias": null,
      "Short": null,
      "Attribute": "",
      "Description": "The first quality (lowest) bitrate to include in the manifest.",
      "Arguments": null
    },
    {
      "Name": "--tracks",
      "Alias": null,
      "Short": null,
      "Attribute": "",
      "Description": "The JSON representing the track selections. Use @{file} to load from a file. For further information about the JSON structure please refer to swagger documentation on https://docs.microsoft .com/rest/api/media/accountfilters/createorupdate#filtertrackse lection.",
      "Arguments": null
    },
    {
      "Name": "--add",
      "Alias": null,
      "Short": null,
      "Attribute": "",
      "Description": "Add an object to a list of objects by specifying a path and key value pairs.  Example: --add property.listProperty \u003Ckey=value, string or JSON string\u003E.",
      "Arguments": null
    },
    {
      "Name": "--force-string",
      "Alias": null,
      "Short": null,
      "Attribute": "",
      "Description": "When using \u0027set\u0027 or \u0027add\u0027, preserve string literals instead of attempting to convert to JSON.",
      "Arguments": null
    },
    {
      "Name": "--remove",
      "Alias": null,
      "Short": null,
      "Attribute": "",
      "Description": "Remove a property or an element from a list.  Example: --remove property.list \u003CindexToRemove\u003E OR --remove propertyToRemove.",
      "Arguments": null
    },
    {
      "Name": "--set",
      "Alias": null,
      "Short": null,
      "Attribute": "",
      "Description": "Update an object by specifying a property path and value to set.  Example: --set property1.property2=\u003Cvalue\u003E.",
      "Arguments": null
    },
    {
      "Name": "--end-timestamp",
      "Alias": null,
      "Short": null,
      "Attribute": "",
      "Description": "Applies to Video on Demand (VoD). For the Live Streaming presentation, it is silently ignored and applied when the presentation ends and the stream becomes VoD. This is a long value that represents an absolute end point of the presentation, rounded to the closest next GOP start. The unit is the timescale, so an endTimestamp of 1800000000 would be for 3 minutes. Use startTimestamp and endTimestamp to trim the fragments that will be in the playlist (manifest). For example, startTimestamp=40000000 and endTimestamp=100000000 using the default timescale will generate a playlist that contains fragments from between 4 seconds and 10 seconds of the VoD presentation. If a fragment straddles the boundary, the entire fragment will be included in the manifest.",
      "Arguments": null
    },
    {
      "Name": "--force-end-timestamp",
      "Alias": null,
      "Short": null,
      "Attribute": "",
      "Description": "Applies to Live Streaming only. Indicates whether the endTimestamp property must be present. If true, endTimestamp must be specified or a bad request code is returned. Allowed values: false, true.  Allowed values: false, true.",
      "Arguments": null
    },
    {
      "Name": "--live-backoff-duration",
      "Alias": null,
      "Short": null,
      "Attribute": "",
      "Description": "Applies to Live Streaming only. This value defines the latest live position that a client can seek to. Using this property, you can delay live playback position and create a server-side buffer for players. The unit for this property is timescale (see below). The maximum live back off duration is 300 seconds (3000000000). For example, a value of 2000000000 means that the latest available content is 20 seconds delayed from the real live edge.",
      "Arguments": null
    },
    {
      "Name": "--presentation-window-duration",
      "Alias": null,
      "Short": null,
      "Attribute": "",
      "Description": "Applies to Live Streaming only. Use presentationWindowDuration to apply a sliding window of fragments to include in a playlist. The unit for this property is timescale (see below). For example, set presentationWindowDuration=1200000000 to apply a two-minute sliding window. Media within 2 minutes of the live edge will be included in the playlist. If a fragment straddles the boundary, the entire fragment will be included in the playlist. The minimum presentation window duration is 60 seconds.",
      "Arguments": null
    },
    {
      "Name": "--start-timestamp",
      "Alias": null,
      "Short": null,
      "Attribute": "",
      "Description": "Applies to Video on Demand (VoD) or Live Streaming. This is a long value that represents an absolute start point of the stream. The value gets rounded to the closest next GOP start. The unit is the timescale, so a startTimestamp of 150000000 would be for 15 seconds. Use startTimestamp and endTimestampp to trim the fragments that will be in the playlist (manifest). For example, startTimestamp=40000000 and endTimestamp=100000000 using the default timescale will generate a playlist that contains fragments from between 4 seconds and 10 seconds of the VoD presentation. If a fragment straddles the boundary, the entire fragment will be included in the manifest.",
      "Arguments": null
    },
    {
      "Name": "--timescale",
      "Alias": null,
      "Short": null,
      "Attribute": "",
      "Description": "Applies to all timestamps and durations in a Presentation Time Range, specified as the number of increments in one second. Default is 10000000 - ten million increments in one second, where each increment would be 100 nanoseconds long. For example, if you want to set a startTimestamp at 30 seconds, you would use a value of 300000000 when using the default timescale.",
      "Arguments": null
    },
    {
      "Name": "--account-name",
      "Alias": null,
      "Short": [
        "-a "
      ],
      "Attribute": "",
      "Description": "The name of the Azure Media Services account.",
      "Arguments": null
    },
    {
      "Name": "--ids",
      "Alias": null,
      "Short": null,
      "Attribute": "",
      "Description": "One or more resource IDs (space-delimited). It should be a complete resource ID containing all information of \u0027Resource Id\u0027 arguments. You should provide either --ids or other \u0027Resource Id\u0027 arguments.",
      "Arguments": null
    },
    {
      "Name": "--name",
      "Alias": null,
      "Short": [
        "-n "
      ],
      "Attribute": "",
      "Description": "The name of the account filter.",
      "Arguments": null
    },
    {
      "Name": "--resource-group",
      "Alias": null,
      "Short": [
        "-g "
      ],
      "Attribute": "",
      "Description": "Name of resource group. You can configure the default group using \u0060az configure --defaults group=\u003Cname\u003E\u0060.",
      "Arguments": null
    },
    {
      "Name": "--subscription",
      "Alias": null,
      "Short": null,
      "Attribute": "",
      "Description": "Name or ID of subscription. You can configure the default subscription using \u0060az account set -s NAME_OR_ID\u0060.",
      "Arguments": null
    },
    {
      "Name": "--debug",
      "Alias": null,
      "Short": null,
      "Attribute": "",
      "Description": "Increase logging verbosity to show all debug logs.",
      "Arguments": null
    },
    {
      "Name": "--help",
      "Alias": null,
      "Short": [
        "-h "
      ],
      "Attribute": "",
      "Description": "Show this help message and exit.",
      "Arguments": null
    },
    {
      "Name": "--only-show-errors",
      "Alias": null,
      "Short": null,
      "Attribute": "",
      "Description": "Only show errors, suppressing warnings.",
      "Arguments": null
    },
    {
      "Name": "--output",
      "Alias": null,
      "Short": [
        "-o "
      ],
      "Attribute": "",
      "Description": "Output format.  Allowed values: json, jsonc, none, table, tsv, yaml, yamlc.  Default: json.",
      "Arguments": [
        "json",
        "jsonc",
        "none",
        "table",
        "tsv",
        "yaml",
        "yamlc"
      ]
    },
    {
      "Name": "--query",
      "Alias": null,
      "Short": null,
      "Attribute": "",
      "Description": "JMESPath query string. See http://jmespath.org/ for more information and examples.",
      "Arguments": null
    },
    {
      "Name": "--verbose",
      "Alias": null,
      "Short": null,
      "Attribute": "",
      "Description": "Increase logging verbosity. Use --debug for full debug logs.",
      "Arguments": null
    }
  ],
  "Examples": null,
  "Name": "update",
  "Description": "Update the details of an account filter."
}