[
  {
    "Name": "create",
    "Type": 1,
    "Attribute": "",
    "Description": "Create a replicated region for an Azure Container Registry."
  },
  {
    "Name": "delete",
    "Type": 1,
    "Attribute": "",
    "Description": "Delete a replicated region from an Azure Container Registry."
  },
  {
    "Name": "list",
    "Type": 1,
    "Attribute": "",
    "Description": "List all of the regions for a geo-replicated Azure Container Registry."
  },
  {
    "Name": "show",
    "Type": 1,
    "Attribute": "",
    "Description": "Get the details of a replicated region."
  },
  {
    "Name": "update",
    "Type": 1,
    "Attribute": "",
    "Description": "Updates a replication."
  }
]