[
  {
    "Name": "create",
    "Type": 1,
    "Attribute": "",
    "Description": "Create a cache rule."
  },
  {
    "Name": "delete",
    "Type": 1,
    "Attribute": "",
    "Description": "Delete a cache rule."
  },
  {
    "Name": "list",
    "Type": 1,
    "Attribute": "",
    "Description": "List the cache rules in an Azure Container Registry."
  },
  {
    "Name": "show",
    "Type": 1,
    "Attribute": "",
    "Description": "Show a cache rule."
  },
  {
    "Name": "update",
    "Type": 1,
    "Attribute": "",
    "Description": "Update the credential set on a cache rule."
  }
]