{
  "Options": [
    {
      "Name": "--cluster-name",
      "Alias": null,
      "Short": null,
      "Attribute": "[Required]",
      "Description": "The cluster name.",
      "Arguments": null
    },
    {
      "Name": "--name",
      "Alias": [
        "--nodepool-name "
      ],
      "Short": [
        "-n "
      ],
      "Attribute": "[Required]",
      "Description": "The node pool name.",
      "Arguments": null
    },
    {
      "Name": "--resource-group",
      "Alias": null,
      "Short": [
        "-g "
      ],
      "Attribute": "[Required]",
      "Description": "Name of resource group. You can configure the default group using \u0060az configure --defaults group=\u003Cname\u003E\u0060.",
      "Arguments": null
    },
    {
      "Name": "--aks-custom-headers",
      "Alias": null,
      "Short": null,
      "Attribute": "",
      "Description": "Comma-separated key-value pairs to specify custom headers.",
      "Arguments": null
    },
    {
      "Name": "--allowed-host-ports",
      "Alias": null,
      "Short": null,
      "Attribute": "",
      "Description": "Expose host ports on the node pool. When specified, format should be a space-separated list of ranges with protocol, eg. \u006080/TCP 443/TCP 4000-5000/TCP\u0060.",
      "Arguments": null
    },
    {
      "Name": "--asg-ids",
      "Alias": null,
      "Short": null,
      "Attribute": "",
      "Description": "The IDs of the application security groups to which the node pool\u0027s network interface should belong. When specified, format should be a space-separated list of IDs.",
      "Arguments": null
    },
    {
      "Name": "--crg-id",
      "Alias": null,
      "Short": null,
      "Attribute": "",
      "Description": "The crg id used to associate the new nodepool with the existed Capacity Reservation Group resource.",
      "Arguments": null
    },
    {
      "Name": "--drain-timeout",
      "Alias": null,
      "Short": null,
      "Attribute": "",
      "Description": "When nodes are drain how many minutes to wait for all pods to be evicted.",
      "Arguments": null
    },
    {
      "Name": "--enable-cluster-autoscaler",
      "Alias": null,
      "Short": [
        "-e "
      ],
      "Attribute": "",
      "Description": "Enable cluster autoscaler.",
      "Arguments": null
    },
    {
      "Name": "--enable-encryption-at-host",
      "Alias": null,
      "Short": null,
      "Attribute": "",
      "Description": "Enable EncryptionAtHost, default value is false.",
      "Arguments": null
    },
    {
      "Name": "--enable-fips-image",
      "Alias": null,
      "Short": null,
      "Attribute": "",
      "Description": "Use FIPS-enabled OS on agent nodes.",
      "Arguments": null
    },
    {
      "Name": "--enable-node-public-ip",
      "Alias": null,
      "Short": null,
      "Attribute": "",
      "Description": "Enable VMSS node public IP.",
      "Arguments": null
    },
    {
      "Name": "--enable-ultra-ssd",
      "Alias": null,
      "Short": null,
      "Attribute": "",
      "Description": "Enable UltraSSD, default value is false.",
      "Arguments": null
    },
    {
      "Name": "--eviction-policy",
      "Alias": null,
      "Short": null,
      "Attribute": "",
      "Description": "The eviction policy of the Spot node pool. It can only be set when --priority is Spot.  Allowed values: Deallocate, Delete.  Default: Delete.",
      "Arguments": [
        "Deallocate",
        "Delete"
      ]
    },
    {
      "Name": "--gpu-instance-profile",
      "Alias": null,
      "Short": null,
      "Attribute": "",
      "Description": "GPU instance profile to partition multi-gpu Nvidia GPUs. Allowed values: MIG1g, MIG2g, MIG3g, MIG4g, MIG7g.",
      "Arguments": [
        "MIG1g",
        "MIG2g",
        "MIG3g",
        "MIG4g",
        "MIG7g"
      ]
    },
    {
      "Name": "--host-group-id",
      "Alias": null,
      "Short": null,
      "Attribute": "",
      "Description": "The fully qualified dedicated host group id used to provision agent node pool.",
      "Arguments": null
    },
    {
      "Name": "--kubelet-config",
      "Alias": null,
      "Short": null,
      "Attribute": "",
      "Description": "Path to JSON file containing Kubelet configurations for agent nodes. https://aka.ms/aks/custom-node-config.",
      "Arguments": null
    },
    {
      "Name": "--kubernetes-version",
      "Alias": null,
      "Short": [
        "-k "
      ],
      "Attribute": "",
      "Description": "Version of Kubernetes to use for creating the cluster, such as \u00221.16.9\u0022.  Values from: \u0060az aks get-versions\u0060.",
      "Arguments": null
    },
    {
      "Name": "--labels",
      "Alias": null,
      "Short": null,
      "Attribute": "",
      "Description": "The node labels for the node pool. See https://aka.ms/node-labels for syntax of labels.",
      "Arguments": null
    },
    {
      "Name": "--linux-os-config",
      "Alias": null,
      "Short": null,
      "Attribute": "",
      "Description": "Path to JSON file containing OS configurations for Linux agent nodes. https://aka.ms/aks/custom-node-config.",
      "Arguments": null
    },
    {
      "Name": "--max-count",
      "Alias": null,
      "Short": null,
      "Attribute": "",
      "Description": "Maximum nodes count used for autoscaler, when \u0022--enable- cluster-autoscaler\u0022 specified. Please specify the value in the range of [0, 1000] for user nodepool, and [1,1000] for system nodepool.",
      "Arguments": null
    },
    {
      "Name": "--max-pods",
      "Alias": null,
      "Short": [
        "-m "
      ],
      "Attribute": "",
      "Description": "The maximum number of pods deployable to a node.",
      "Arguments": null
    },
    {
      "Name": "--max-surge",
      "Alias": null,
      "Short": null,
      "Attribute": "",
      "Description": "Extra nodes used to speed upgrade. When specified, it represents the number or percent used, eg. 5 or 33%.",
      "Arguments": null
    },
    {
      "Name": "--min-count",
      "Alias": null,
      "Short": null,
      "Attribute": "",
      "Description": "Minimum nodes count used for autoscaler, when \u0022--enable- cluster-autoscaler\u0022 specified. Please specify the value in the range of [0, 1000] for user nodepool, and [1,1000] for system nodepool.",
      "Arguments": null
    },
    {
      "Name": "--mode",
      "Alias": null,
      "Short": null,
      "Attribute": "",
      "Description": "The mode for a node pool which defines a node pool\u0027s primary function. If set as \u0022System\u0022, AKS prefers system pods scheduling to node pools with mode \u0060System\u0060. Learn more at https://aka.ms/aks/nodepool/mode.  Allowed values: System, User.  Default: User.",
      "Arguments": [
        "System",
        "User"
      ]
    },
    {
      "Name": "--no-wait",
      "Alias": null,
      "Short": null,
      "Attribute": "",
      "Description": "Do not wait for the long-running operation to finish.",
      "Arguments": null
    },
    {
      "Name": "--node-count",
      "Alias": null,
      "Short": [
        "-c "
      ],
      "Attribute": "",
      "Description": "Number of nodes in the Kubernetes agent pool. After creating a cluster, you can change the size of its node pool with \u0060az aks scale\u0060.  Default: 3.",
      "Arguments": null
    },
    {
      "Name": "--node-osdisk-size",
      "Alias": null,
      "Short": null,
      "Attribute": "",
      "Description": "Size in GiB of the OS disk for each node in the agent pool. Minimum 30 GiB.",
      "Arguments": null
    },
    {
      "Name": "--node-osdisk-type",
      "Alias": null,
      "Short": null,
      "Attribute": "",
      "Description": "OS disk type to be used for machines in a given agent pool. Defaults to \u0027Ephemeral\u0027 when possible in conjunction with VM size and OS disk size. May not be changed for this pool after creation. (\u0027Ephemeral\u0027 or \u0027Managed\u0027).  Allowed values: Ephemeral, Managed.",
      "Arguments": [
        "Ephemeral",
        "Managed"
      ]
    },
    {
      "Name": "--node-public-ip-prefix-id",
      "Alias": null,
      "Short": null,
      "Attribute": "",
      "Description": "Public IP prefix ID used to assign public IPs to VMSS nodes.",
      "Arguments": null
    },
    {
      "Name": "--node-public-ip-tags",
      "Alias": null,
      "Short": null,
      "Attribute": "",
      "Description": "The ipTags of the node public IPs.",
      "Arguments": null
    },
    {
      "Name": "--node-taints",
      "Alias": null,
      "Short": null,
      "Attribute": "",
      "Description": "The node taints for the node pool.",
      "Arguments": null
    },
    {
      "Name": "--node-vm-size",
      "Alias": null,
      "Short": [
        "-s "
      ],
      "Attribute": "",
      "Description": "Size of Virtual Machines to create as Kubernetes nodes.",
      "Arguments": null
    },
    {
      "Name": "--os-sku",
      "Alias": null,
      "Short": null,
      "Attribute": "",
      "Description": "The OS SKU of the agent node pool. Ubuntu or CBLMariner for Linux. Windows2019 or Windows2022 for Windows. Allowed values: AzureLinux, CBLMariner, Mariner, Ubuntu, Windows2019, Windows2022.",
      "Arguments": [
        "AzureLinux",
        "CBLMariner",
        "Mariner",
        "Ubuntu",
        "Windows2019",
        "Windows2022"
      ]
    },
    {
      "Name": "--os-type",
      "Alias": null,
      "Short": null,
      "Attribute": "",
      "Description": "The OS Type. Linux or Windows.",
      "Arguments": null
    },
    {
      "Name": "--pod-subnet-id",
      "Alias": null,
      "Short": null,
      "Attribute": "",
      "Description": "The Resource Id of a subnet in an existing VNet into which to assign pods in the cluster (requires azure network-plugin).",
      "Arguments": null
    },
    {
      "Name": "--ppg",
      "Alias": null,
      "Short": null,
      "Attribute": "",
      "Description": "The ID of a PPG.",
      "Arguments": null
    },
    {
      "Name": "--priority",
      "Alias": null,
      "Short": null,
      "Attribute": "",
      "Description": "The priority of the node pool.  Allowed values: Regular, Spot.  Default: Regular.",
      "Arguments": [
        "Regular",
        "Spot"
      ]
    },
    {
      "Name": "--scale-down-mode",
      "Alias": null,
      "Short": null,
      "Attribute": "",
      "Description": "Describe how VMs are added to or removed from nodepools. Allowed values: Deallocate, Delete.  Default: Delete.",
      "Arguments": [
        "Deallocate",
        "Delete"
      ]
    },
    {
      "Name": "--snapshot-id",
      "Alias": null,
      "Short": null,
      "Attribute": "",
      "Description": "The source snapshot id used to create this nodepool.",
      "Arguments": null
    },
    {
      "Name": "--spot-max-price",
      "Alias": null,
      "Short": null,
      "Attribute": "",
      "Description": "It can only be set when --priority is Spot. Specify the maximum price you are willing to pay in US Dollars. Possible values are any decimal value greater than zero or -1 which indicates default price to be up-to on- demand. It can only include up to 5 decimal places. Default: nan.",
      "Arguments": null
    },
    {
      "Name": "--tags",
      "Alias": null,
      "Short": null,
      "Attribute": "",
      "Description": "Space-separated tags: key[=value] [key[=value] ...]. Use \u0022\u0022 to clear existing tags.",
      "Arguments": null
    },
    {
      "Name": "--vnet-subnet-id",
      "Alias": null,
      "Short": null,
      "Attribute": "",
      "Description": "The Resource Id of a subnet in an existing VNet into which to deploy the cluster.",
      "Arguments": null
    },
    {
      "Name": "--zones",
      "Alias": null,
      "Short": [
        "-z "
      ],
      "Attribute": "",
      "Description": "Availability zones where agent nodes will be placed. Also, to install agent nodes to more than one zone you need to pass zone numbers separated by blanks.  For example -  To have all 3 zones, you are expected to enter \u0060--zones 1 2 3\u0060.",
      "Arguments": null
    },
    {
      "Name": "--debug",
      "Alias": null,
      "Short": null,
      "Attribute": "",
      "Description": "Increase logging verbosity to show all debug logs.",
      "Arguments": null
    },
    {
      "Name": "--help",
      "Alias": null,
      "Short": [
        "-h "
      ],
      "Attribute": "",
      "Description": "Show this help message and exit.",
      "Arguments": null
    },
    {
      "Name": "--only-show-errors",
      "Alias": null,
      "Short": null,
      "Attribute": "",
      "Description": "Only show errors, suppressing warnings.",
      "Arguments": null
    },
    {
      "Name": "--output",
      "Alias": null,
      "Short": [
        "-o "
      ],
      "Attribute": "",
      "Description": "Output format.  Allowed values: json, jsonc, none, table, tsv, yaml, yamlc.  Default: json.",
      "Arguments": [
        "json",
        "jsonc",
        "none",
        "table",
        "tsv",
        "yaml",
        "yamlc"
      ]
    },
    {
      "Name": "--query",
      "Alias": null,
      "Short": null,
      "Attribute": "",
      "Description": "JMESPath query string. See http://jmespath.org/ for more information and examples.",
      "Arguments": null
    },
    {
      "Name": "--subscription",
      "Alias": null,
      "Short": null,
      "Attribute": "",
      "Description": "Name or ID of subscription. You can configure the default subscription using \u0060az account set -s NAME_OR_ID\u0060.",
      "Arguments": null
    },
    {
      "Name": "--verbose",
      "Alias": null,
      "Short": null,
      "Attribute": "",
      "Description": "Increase logging verbosity. Use --debug for full debug logs.",
      "Arguments": null
    }
  ],
  "Examples": null,
  "Name": "add",
  "Description": "Add a node pool to the managed Kubernetes cluster."
}