[
  {
    "Name": "snapshot",
    "Type": 0,
    "Attribute": "",
    "Description": "Commands to manage nodepool snapshots."
  },
  {
    "Name": "add",
    "Type": 1,
    "Attribute": "",
    "Description": "Add a node pool to the managed Kubernetes cluster."
  },
  {
    "Name": "delete",
    "Type": 1,
    "Attribute": "",
    "Description": "Delete the agent pool in the managed Kubernetes cluster."
  },
  {
    "Name": "get-upgrades",
    "Type": 1,
    "Attribute": "",
    "Description": "Get the available upgrade versions for an agent pool of the managed Kubernetes cluster."
  },
  {
    "Name": "list",
    "Type": 1,
    "Attribute": "",
    "Description": "List node pools in the managed Kubernetes cluster. To get list of nodes in the cluster run \u0060kubectl get nodes\u0060 command."
  },
  {
    "Name": "operation-abort",
    "Type": 1,
    "Attribute": "",
    "Description": "Abort last running operation on nodepool."
  },
  {
    "Name": "scale",
    "Type": 1,
    "Attribute": "",
    "Description": "Scale the node pool in a managed Kubernetes cluster."
  },
  {
    "Name": "show",
    "Type": 1,
    "Attribute": "",
    "Description": "Show the details for a node pool in the managed Kubernetes cluster."
  },
  {
    "Name": "start",
    "Type": 1,
    "Attribute": "",
    "Description": "Start stopped agent pool in the managed Kubernetes cluster."
  },
  {
    "Name": "stop",
    "Type": 1,
    "Attribute": "",
    "Description": "Stop running agent pool in the managed Kubernetes cluster."
  },
  {
    "Name": "update",
    "Type": 1,
    "Attribute": "",
    "Description": "Update a node pool properties."
  },
  {
    "Name": "upgrade",
    "Type": 1,
    "Attribute": "",
    "Description": "Upgrade the node pool in a managed Kubernetes cluster."
  },
  {
    "Name": "wait",
    "Type": 1,
    "Attribute": "",
    "Description": "Wait for a node pool to reach a desired state."
  }
]