{
  "Options": [
    {
      "Name": "--cluster-name",
      "Alias": null,
      "Short": null,
      "Attribute": "[Required]",
      "Description": "The cluster name.",
      "Arguments": null
    },
    {
      "Name": "--name",
      "Alias": [
        "--nodepool-name "
      ],
      "Short": [
        "-n "
      ],
      "Attribute": "[Required]",
      "Description": "The node pool name.",
      "Arguments": null
    },
    {
      "Name": "--resource-group",
      "Alias": null,
      "Short": [
        "-g "
      ],
      "Attribute": "[Required]",
      "Description": "Name of resource group. You can configure the default group using \u0060az configure --defaults group=\u003Cname\u003E\u0060.",
      "Arguments": null
    },
    {
      "Name": "--aks-custom-headers",
      "Alias": null,
      "Short": null,
      "Attribute": "",
      "Description": "Comma-separated key-value pairs to specify custom headers.",
      "Arguments": null
    },
    {
      "Name": "--allowed-host-ports",
      "Alias": null,
      "Short": null,
      "Attribute": "",
      "Description": "Expose host ports on the node pool. When specified, format should be a space-separated list of ranges with protocol, eg. \u006080/TCP 443/TCP 4000-5000/TCP\u0060.",
      "Arguments": null
    },
    {
      "Name": "--asg-ids",
      "Alias": null,
      "Short": null,
      "Attribute": "",
      "Description": "The IDs of the application security groups to which the node pool\u0027s network interface should belong. When specified, format should be a space-separated list of IDs.",
      "Arguments": null
    },
    {
      "Name": "--disable-cluster-autoscaler",
      "Alias": null,
      "Short": [
        "-d "
      ],
      "Attribute": "",
      "Description": "Disable cluster autoscaler.",
      "Arguments": null
    },
    {
      "Name": "--drain-timeout",
      "Alias": null,
      "Short": null,
      "Attribute": "",
      "Description": "When nodes are drain how many minutes to wait for all pods to be evicted.",
      "Arguments": null
    },
    {
      "Name": "--enable-cluster-autoscaler",
      "Alias": null,
      "Short": [
        "-e "
      ],
      "Attribute": "",
      "Description": "Enable cluster autoscaler.",
      "Arguments": null
    },
    {
      "Name": "--labels",
      "Alias": null,
      "Short": null,
      "Attribute": "",
      "Description": "The node labels for the node pool. See https://aka.ms/node-labels for syntax of labels.",
      "Arguments": null
    },
    {
      "Name": "--max-count",
      "Alias": null,
      "Short": null,
      "Attribute": "",
      "Description": "Maximum nodes count used for autoscaler, when \u0022--enable- cluster-autoscaler\u0022 specified. Please specify the value in the range of [0, 1000] for user nodepool, and [1,1000] for system nodepool.",
      "Arguments": null
    },
    {
      "Name": "--max-surge",
      "Alias": null,
      "Short": null,
      "Attribute": "",
      "Description": "Extra nodes used to speed upgrade. When specified, it represents the number or percent used, eg. 5 or 33%.",
      "Arguments": null
    },
    {
      "Name": "--min-count",
      "Alias": null,
      "Short": null,
      "Attribute": "",
      "Description": "Minimum nodes count used for autoscaler, when \u0022--enable- cluster-autoscaler\u0022 specified. Please specify the value in the range of [0, 1000] for user nodepool, and [1,1000] for system nodepool.",
      "Arguments": null
    },
    {
      "Name": "--mode",
      "Alias": null,
      "Short": null,
      "Attribute": "",
      "Description": "The mode for a node pool which defines a node pool\u0027s primary function. If set as \u0022System\u0022, AKS prefers system pods scheduling to node pools with mode \u0060System\u0060. Learn more at https://aka.ms/aks/nodepool/mode.  Allowed values: System, User.",
      "Arguments": [
        "System",
        "User"
      ]
    },
    {
      "Name": "--no-wait",
      "Alias": null,
      "Short": null,
      "Attribute": "",
      "Description": "Do not wait for the long-running operation to finish.",
      "Arguments": null
    },
    {
      "Name": "--node-taints",
      "Alias": null,
      "Short": null,
      "Attribute": "",
      "Description": "The node taints for the node pool. You can update the existing node taint of a nodepool or create a new node taint for a nodepool. Pass the empty string \u0060\u0022\u0022\u0060 to remove all taints.",
      "Arguments": null
    },
    {
      "Name": "--scale-down-mode",
      "Alias": null,
      "Short": null,
      "Attribute": "",
      "Description": "Describe how VMs are added to or removed from nodepools. Allowed values: Deallocate, Delete.",
      "Arguments": [
        "Deallocate",
        "Delete"
      ]
    },
    {
      "Name": "--tags",
      "Alias": null,
      "Short": null,
      "Attribute": "",
      "Description": "Space-separated tags: key[=value] [key[=value] ...]. Use \u0022\u0022 to clear existing tags.",
      "Arguments": null
    },
    {
      "Name": "--update-cluster-autoscaler",
      "Alias": null,
      "Short": [
        "-u "
      ],
      "Attribute": "",
      "Description": "Update min-count or max-count for cluster autoscaler.",
      "Arguments": null
    },
    {
      "Name": "--debug",
      "Alias": null,
      "Short": null,
      "Attribute": "",
      "Description": "Increase logging verbosity to show all debug logs.",
      "Arguments": null
    },
    {
      "Name": "--help",
      "Alias": null,
      "Short": [
        "-h "
      ],
      "Attribute": "",
      "Description": "Show this help message and exit.",
      "Arguments": null
    },
    {
      "Name": "--only-show-errors",
      "Alias": null,
      "Short": null,
      "Attribute": "",
      "Description": "Only show errors, suppressing warnings.",
      "Arguments": null
    },
    {
      "Name": "--output",
      "Alias": null,
      "Short": [
        "-o "
      ],
      "Attribute": "",
      "Description": "Output format.  Allowed values: json, jsonc, none, table, tsv, yaml, yamlc.  Default: json.",
      "Arguments": [
        "json",
        "jsonc",
        "none",
        "table",
        "tsv",
        "yaml",
        "yamlc"
      ]
    },
    {
      "Name": "--query",
      "Alias": null,
      "Short": null,
      "Attribute": "",
      "Description": "JMESPath query string. See http://jmespath.org/ for more information and examples.",
      "Arguments": null
    },
    {
      "Name": "--subscription",
      "Alias": null,
      "Short": null,
      "Attribute": "",
      "Description": "Name or ID of subscription. You can configure the default subscription using \u0060az account set -s NAME_OR_ID\u0060.",
      "Arguments": null
    },
    {
      "Name": "--verbose",
      "Alias": null,
      "Short": null,
      "Attribute": "",
      "Description": "Increase logging verbosity. Use --debug for full debug logs.",
      "Arguments": null
    }
  ],
  "Examples": null,
  "Name": "update",
  "Description": "Update a node pool properties."
}