{
  "Options": [
    {
      "Name": "--cluster-name",
      "Alias": null,
      "Short": null,
      "Attribute": "[Required]",
      "Description": "The cluster name.",
      "Arguments": null
    },
    {
      "Name": "--name",
      "Alias": [
        "--nodepool-name "
      ],
      "Short": [
        "-n "
      ],
      "Attribute": "[Required]",
      "Description": "The node pool name.",
      "Arguments": null
    },
    {
      "Name": "--resource-group",
      "Alias": null,
      "Short": [
        "-g "
      ],
      "Attribute": "[Required]",
      "Description": "Name of resource group. You can configure the default group using \u0060az configure --defaults group=\u003Cname\u003E\u0060.",
      "Arguments": null
    },
    {
      "Name": "--aks-custom-headers",
      "Alias": null,
      "Short": null,
      "Attribute": "",
      "Description": "Comma-separated key-value pairs to specify custom headers.",
      "Arguments": null
    },
    {
      "Name": "--drain-timeout",
      "Alias": null,
      "Short": null,
      "Attribute": "",
      "Description": "When nodes are drain how long to wait for all pods to be evicted.",
      "Arguments": null
    },
    {
      "Name": "--kubernetes-version",
      "Alias": null,
      "Short": [
        "-k "
      ],
      "Attribute": "",
      "Description": "Version of Kubernetes to upgrade the node pool to, such as \u00221.16.9\u0022.",
      "Arguments": null
    },
    {
      "Name": "--max-surge",
      "Alias": null,
      "Short": null,
      "Attribute": "",
      "Description": "Extra nodes used to speed upgrade. When specified, it represents the number or percent used, eg. 5 or 33% (mutually exclusive with \u0022--node-image-only\u0022. See \u0022az aks nodepool update --max-surge\u0022 to update max surge before upgrading with \u0022--node-image-only\u0022).",
      "Arguments": null
    },
    {
      "Name": "--no-wait",
      "Alias": null,
      "Short": null,
      "Attribute": "",
      "Description": "Do not wait for the long-running operation to finish.",
      "Arguments": null
    },
    {
      "Name": "--node-image-only",
      "Alias": null,
      "Short": null,
      "Attribute": "",
      "Description": "Only upgrade agent pool\u0027s node image.",
      "Arguments": null
    },
    {
      "Name": "--snapshot-id",
      "Alias": null,
      "Short": null,
      "Attribute": "",
      "Description": "The source snapshot id used to upgrade this nodepool.",
      "Arguments": null
    },
    {
      "Name": "--yes",
      "Alias": null,
      "Short": [
        "-y "
      ],
      "Attribute": "",
      "Description": "Do not prompt for confirmation.",
      "Arguments": null
    },
    {
      "Name": "--debug",
      "Alias": null,
      "Short": null,
      "Attribute": "",
      "Description": "Increase logging verbosity to show all debug logs.",
      "Arguments": null
    },
    {
      "Name": "--help",
      "Alias": null,
      "Short": [
        "-h "
      ],
      "Attribute": "",
      "Description": "Show this help message and exit.",
      "Arguments": null
    },
    {
      "Name": "--only-show-errors",
      "Alias": null,
      "Short": null,
      "Attribute": "",
      "Description": "Only show errors, suppressing warnings.",
      "Arguments": null
    },
    {
      "Name": "--output",
      "Alias": null,
      "Short": [
        "-o "
      ],
      "Attribute": "",
      "Description": "Output format.  Allowed values: json, jsonc, none, table, tsv, yaml, yamlc.  Default: json.",
      "Arguments": [
        "json",
        "jsonc",
        "none",
        "table",
        "tsv",
        "yaml",
        "yamlc"
      ]
    },
    {
      "Name": "--query",
      "Alias": null,
      "Short": null,
      "Attribute": "",
      "Description": "JMESPath query string. See http://jmespath.org/ for more information and examples.",
      "Arguments": null
    },
    {
      "Name": "--subscription",
      "Alias": null,
      "Short": null,
      "Attribute": "",
      "Description": "Name or ID of subscription. You can configure the default subscription using \u0060az account set -s NAME_OR_ID\u0060.",
      "Arguments": null
    },
    {
      "Name": "--verbose",
      "Alias": null,
      "Short": null,
      "Attribute": "",
      "Description": "Increase logging verbosity. Use --debug for full debug logs.",
      "Arguments": null
    }
  ],
  "Examples": null,
  "Name": "upgrade",
  "Description": "Upgrade the node pool in a managed Kubernetes cluster."
}