[
  {
    "Name": "set",
    "Type": 1,
    "Attribute": "",
    "Description": "Set the type and number of media reserved units for an Azure Media Services account. This doesn\u0027t work with accounts created with 2020-05-01 version of the Media Services API or later. Accounts created this way no longer need to set media reserved units as the system will automaticaly scale up and down based on load."
  },
  {
    "Name": "show",
    "Type": 1,
    "Attribute": "",
    "Description": "Show the details of media reserved units for an Azure Media Services account. This doesn\u0027t work with accounts created with 2020-05-01 version of the Media Services API or later. Accounts created this way no longer need to set media reserved units as the system will automaticaly scale up and down based on load."
  }
]