{
  "Options": [
    {
      "Name": "--count",
      "Alias": null,
      "Short": null,
      "Attribute": "",
      "Description": "The number of the encoding reserved units that you want to be provisioned for this account for concurrent tasks (one unit equals one task).",
      "Arguments": null
    },
    {
      "Name": "--type",
      "Alias": null,
      "Short": null,
      "Attribute": "",
      "Description": "Speed of reserved processing units. The cost of media encoding depends on the pricing tier you choose. See https://azure.microsoft.com/pricing/details/media-services/ for further details. Allowed values: S1, S2, S3.",
      "Arguments": [
        "S1",
        "S2",
        "S3"
      ]
    },
    {
      "Name": "--ids",
      "Alias": null,
      "Short": null,
      "Attribute": "",
      "Description": "One or more resource IDs (space-delimited). It should be a complete resource ID containing all information of \u0027Resource Id\u0027 arguments. You should provide either --ids or other \u0027Resource Id\u0027 arguments.",
      "Arguments": null
    },
    {
      "Name": "--name",
      "Alias": null,
      "Short": [
        "-n "
      ],
      "Attribute": "",
      "Description": "The name of the resource.",
      "Arguments": null
    },
    {
      "Name": "--resource-group",
      "Alias": null,
      "Short": [
        "-g "
      ],
      "Attribute": "",
      "Description": "Name of resource group. You can configure the default group using \u0060az configure --defaults group=\u003Cname\u003E\u0060.",
      "Arguments": null
    },
    {
      "Name": "--subscription",
      "Alias": null,
      "Short": null,
      "Attribute": "",
      "Description": "Name or ID of subscription. You can configure the default subscription using \u0060az account set -s NAME_OR_ID\u0060.",
      "Arguments": null
    },
    {
      "Name": "--debug",
      "Alias": null,
      "Short": null,
      "Attribute": "",
      "Description": "Increase logging verbosity to show all debug logs.",
      "Arguments": null
    },
    {
      "Name": "--help",
      "Alias": null,
      "Short": [
        "-h "
      ],
      "Attribute": "",
      "Description": "Show this help message and exit.",
      "Arguments": null
    },
    {
      "Name": "--only-show-errors",
      "Alias": null,
      "Short": null,
      "Attribute": "",
      "Description": "Only show errors, suppressing warnings.",
      "Arguments": null
    },
    {
      "Name": "--output",
      "Alias": null,
      "Short": [
        "-o "
      ],
      "Attribute": "",
      "Description": "Output format.  Allowed values: json, jsonc, none, table, tsv, yaml, yamlc.  Default: json.",
      "Arguments": [
        "json",
        "jsonc",
        "none",
        "table",
        "tsv",
        "yaml",
        "yamlc"
      ]
    },
    {
      "Name": "--query",
      "Alias": null,
      "Short": null,
      "Attribute": "",
      "Description": "JMESPath query string. See http://jmespath.org/ for more information and examples.",
      "Arguments": null
    },
    {
      "Name": "--verbose",
      "Alias": null,
      "Short": null,
      "Attribute": "",
      "Description": "Increase logging verbosity. Use --debug for full debug logs.",
      "Arguments": null
    }
  ],
  "Examples": null,
  "Name": "set",
  "Description": "Set the type and number of media reserved units for an Azure Media Services account. This doesn\u0027t work with accounts created with 2020-05-01 version of the Media Services API or later. Accounts created this way no longer need to set media reserved units as the system will automaticaly scale up and down based on load."
}