[
  {
    "Name": "create",
    "Type": 1,
    "Attribute": "",
    "Description": "Create an asset filter."
  },
  {
    "Name": "delete",
    "Type": 1,
    "Attribute": "",
    "Description": "Delete an asset filter."
  },
  {
    "Name": "list",
    "Type": 1,
    "Attribute": "",
    "Description": "List all the asset filters of an Azure Media Services account."
  },
  {
    "Name": "show",
    "Type": 1,
    "Attribute": "",
    "Description": "Show the details of an asset filter."
  },
  {
    "Name": "update",
    "Type": 1,
    "Attribute": "",
    "Description": "Update the details of an asset filter."
  }
]