{
  "Options": [
    {
      "Name": "--builder",
      "Alias": null,
      "Short": [
        "-b "
      ],
      "Attribute": "[Required]",
      "Description": "The name and tag of a Buildpack builder image.",
      "Arguments": null
    },
    {
      "Name": "--image",
      "Alias": null,
      "Short": [
        "-t "
      ],
      "Attribute": "[Required]",
      "Description": "The name and tag of the image using the format: \u0027-t repo/image:tag\u0027.",
      "Arguments": null
    },
    {
      "Name": "--registry",
      "Alias": null,
      "Short": [
        "-r "
      ],
      "Attribute": "[Required]",
      "Description": "The name of the container registry. It should be specified in lower case. You can configure the default registry name using \u0060az configure --defaults acr=\u003Cregistry name\u003E\u0060.",
      "Arguments": null
    },
    {
      "Name": "--agent-pool",
      "Alias": null,
      "Short": null,
      "Attribute": "[Preview]",
      "Description": "The name of the agent pool.",
      "Arguments": null
    },
    {
      "Name": "--auth-mode",
      "Alias": null,
      "Short": null,
      "Attribute": "",
      "Description": "Auth mode of the source registry.  Allowed values: Default, None.",
      "Arguments": [
        "Default",
        "None"
      ]
    },
    {
      "Name": "--no-format",
      "Alias": null,
      "Short": null,
      "Attribute": "",
      "Description": "Indicates whether the logs should be displayed in raw format.",
      "Arguments": null
    },
    {
      "Name": "--no-logs",
      "Alias": null,
      "Short": null,
      "Attribute": "",
      "Description": "Do not show logs after successfully queuing the build.",
      "Arguments": null
    },
    {
      "Name": "--no-wait",
      "Alias": null,
      "Short": null,
      "Attribute": "",
      "Description": "Do not wait for the run to complete and return immediately after queuing the run.",
      "Arguments": null
    },
    {
      "Name": "--pack-image-tag",
      "Alias": null,
      "Short": null,
      "Attribute": "[Preview]",
      "Description": "The tag of the \u0027pack\u0027 runner image (\u0027mcr.microsoft.com/oryx/pack\u0027). Default: stable.",
      "Arguments": null
    },
    {
      "Name": "--platform",
      "Alias": null,
      "Short": null,
      "Attribute": "",
      "Description": "The platform where build/task is run, Eg, \u0027windows\u0027 and \u0027linux\u0027. When it\u0027s used in build commands, it also can be specified in \u0027os/arch/variant\u0027 format for the resulting image. Eg, linux/arm/v7. The \u0027arch\u0027 and \u0027variant\u0027 parts are optional.",
      "Arguments": null
    },
    {
      "Name": "--pull",
      "Alias": null,
      "Short": null,
      "Attribute": "",
      "Description": "Pull the latest builder and run images before use.",
      "Arguments": null
    },
    {
      "Name": "--resource-group",
      "Alias": null,
      "Short": [
        "-g "
      ],
      "Attribute": "",
      "Description": "Name of resource group. You can configure the default group using \u0060az configure --defaults group=\u003Cname\u003E\u0060.",
      "Arguments": null
    },
    {
      "Name": "--timeout",
      "Alias": null,
      "Short": null,
      "Attribute": "",
      "Description": "The timeout in seconds.",
      "Arguments": null
    },
    {
      "Name": "--debug",
      "Alias": null,
      "Short": null,
      "Attribute": "",
      "Description": "Increase logging verbosity to show all debug logs.",
      "Arguments": null
    },
    {
      "Name": "--help",
      "Alias": null,
      "Short": [
        "-h "
      ],
      "Attribute": "",
      "Description": "Show this help message and exit.",
      "Arguments": null
    },
    {
      "Name": "--only-show-errors",
      "Alias": null,
      "Short": null,
      "Attribute": "",
      "Description": "Only show errors, suppressing warnings.",
      "Arguments": null
    },
    {
      "Name": "--output",
      "Alias": null,
      "Short": [
        "-o "
      ],
      "Attribute": "",
      "Description": "Output format.  Allowed values: json, jsonc, none, table, tsv, yaml, yamlc.  Default: json.",
      "Arguments": [
        "json",
        "jsonc",
        "none",
        "table",
        "tsv",
        "yaml",
        "yamlc"
      ]
    },
    {
      "Name": "--query",
      "Alias": null,
      "Short": null,
      "Attribute": "",
      "Description": "JMESPath query string. See http://jmespath.org/ for more information and examples.",
      "Arguments": null
    },
    {
      "Name": "--subscription",
      "Alias": null,
      "Short": null,
      "Attribute": "",
      "Description": "Name or ID of subscription. You can configure the default subscription using \u0060az account set -s NAME_OR_ID\u0060.",
      "Arguments": null
    },
    {
      "Name": "--verbose",
      "Alias": null,
      "Short": null,
      "Attribute": "",
      "Description": "Increase logging verbosity. Use --debug for full debug logs.",
      "Arguments": null
    }
  ],
  "Examples": null,
  "Name": "build",
  "Description": "Queues a quick build task that builds an app and pushes it into an Azure Container Registry."
}