[
  {
    "Name": "location",
    "Type": 0,
    "Attribute": "",
    "Description": "Manage available location names for AFD log analysis."
  },
  {
    "Name": "metric",
    "Type": 0,
    "Attribute": "",
    "Description": "Manage metric statistics for AFD profile."
  },
  {
    "Name": "ranking",
    "Type": 0,
    "Attribute": "",
    "Description": "Manage ranking statistics for AFD profile."
  },
  {
    "Name": "resource",
    "Type": 0,
    "Attribute": "",
    "Description": "Manage endpoints and custom domains available for AFD log analysis."
  }
]