[
  {
    "Name": "create",
    "Type": 1,
    "Attribute": "",
    "Description": "Create a new AzureFrontDoor endpoint with the specified endpoint name under the specified subscription, resource group and profile."
  },
  {
    "Name": "delete",
    "Type": 1,
    "Attribute": "",
    "Description": "Delete an existing AzureFrontDoor endpoint with the specified endpoint name under the specified subscription, resource group and profile."
  },
  {
    "Name": "list",
    "Type": 1,
    "Attribute": "",
    "Description": "List existing AzureFrontDoor endpoints."
  },
  {
    "Name": "purge",
    "Type": 1,
    "Attribute": "",
    "Description": "Removes a content from AzureFrontDoor."
  },
  {
    "Name": "show",
    "Type": 1,
    "Attribute": "",
    "Description": "Get an existing AzureFrontDoor endpoint with the specified endpoint name under the specified subscription, resource group and profile."
  },
  {
    "Name": "update",
    "Type": 1,
    "Attribute": "",
    "Description": "Update a new AzureFrontDoor endpoint with the specified endpoint name under the specified subscription, resource group and profile."
  },
  {
    "Name": "wait",
    "Type": 1,
    "Attribute": "",
    "Description": "Place the CLI in a waiting state until a condition is met."
  }
]