[
  {
    "Name": "create",
    "Type": 1,
    "Attribute": "",
    "Description": "Create an asset."
  },
  {
    "Name": "delete",
    "Type": 1,
    "Attribute": "",
    "Description": "Delete an asset."
  },
  {
    "Name": "get-encryption-key",
    "Type": 1,
    "Attribute": "",
    "Description": "Get the asset storage encryption keys used to decrypt content created by version 2 of the Media Services API."
  },
  {
    "Name": "get-sas-urls",
    "Type": 1,
    "Attribute": "",
    "Description": "Lists storage container URLs with shared access signatures (SAS) for uploading and downloading Asset content. The signatures are derived from the storage account keys."
  },
  {
    "Name": "list",
    "Type": 1,
    "Attribute": "",
    "Description": "List all the assets of an Azure Media Services account."
  },
  {
    "Name": "list-streaming-locators",
    "Type": 1,
    "Attribute": "",
    "Description": "List streaming locators which are associated with this asset."
  },
  {
    "Name": "show",
    "Type": 1,
    "Attribute": "",
    "Description": "Show the details of an asset."
  },
  {
    "Name": "update",
    "Type": 1,
    "Attribute": "",
    "Description": "Update the details of an asset."
  }
]