{
  "Options": [
    {
      "Name": "--configuration-name",
      "Alias": null,
      "Short": null,
      "Attribute": "",
      "Description": "Advisor configuration name. Value must be \u0022default\u0022.",
      "Arguments": null
    },
    {
      "Name": "--exclude",
      "Alias": null,
      "Short": [
        "-e "
      ],
      "Attribute": "",
      "Description": "Exclude from recommendation generation.",
      "Arguments": null
    },
    {
      "Name": "--include",
      "Alias": null,
      "Short": [
        "-i "
      ],
      "Attribute": "",
      "Description": "Include in recommendation generation.",
      "Arguments": null
    },
    {
      "Name": "--low-cpu-threshold",
      "Alias": null,
      "Short": [
        "-l "
      ],
      "Attribute": "",
      "Description": "Value for low CPU threshold.  Allowed values: 10, 15, 20, 5.",
      "Arguments": [
        "10",
        "15",
        "20",
        "5"
      ]
    },
    {
      "Name": "--resource-group",
      "Alias": null,
      "Short": [
        "-g "
      ],
      "Attribute": "",
      "Description": "Name of resource group. You can configure the default group using \u0060az configure --defaults group=\u003Cname\u003E\u0060.",
      "Arguments": null
    },
    {
      "Name": "--add",
      "Alias": null,
      "Short": null,
      "Attribute": "",
      "Description": "Add an object to a list of objects by specifying a path and key value pairs.  Example: --add property.listProperty \u003Ckey=value, string or JSON string\u003E.",
      "Arguments": null
    },
    {
      "Name": "--force-string",
      "Alias": null,
      "Short": null,
      "Attribute": "",
      "Description": "When using \u0027set\u0027 or \u0027add\u0027, preserve string literals instead of attempting to convert to JSON.",
      "Arguments": null
    },
    {
      "Name": "--remove",
      "Alias": null,
      "Short": null,
      "Attribute": "",
      "Description": "Remove a property or an element from a list.  Example: --remove property.list \u003CindexToRemove\u003E OR --remove propertyToRemove.",
      "Arguments": null
    },
    {
      "Name": "--set",
      "Alias": null,
      "Short": null,
      "Attribute": "",
      "Description": "Update an object by specifying a property path and value to set. Example: --set property1.property2=\u003Cvalue\u003E.",
      "Arguments": null
    },
    {
      "Name": "--debug",
      "Alias": null,
      "Short": null,
      "Attribute": "",
      "Description": "Increase logging verbosity to show all debug logs.",
      "Arguments": null
    },
    {
      "Name": "--help",
      "Alias": null,
      "Short": [
        "-h "
      ],
      "Attribute": "",
      "Description": "Show this help message and exit.",
      "Arguments": null
    },
    {
      "Name": "--only-show-errors",
      "Alias": null,
      "Short": null,
      "Attribute": "",
      "Description": "Only show errors, suppressing warnings.",
      "Arguments": null
    },
    {
      "Name": "--output",
      "Alias": null,
      "Short": [
        "-o "
      ],
      "Attribute": "",
      "Description": "Output format.  Allowed values: json, jsonc, none, table, tsv, yaml, yamlc.  Default: json.",
      "Arguments": [
        "json",
        "jsonc",
        "none",
        "table",
        "tsv",
        "yaml",
        "yamlc"
      ]
    },
    {
      "Name": "--query",
      "Alias": null,
      "Short": null,
      "Attribute": "",
      "Description": "JMESPath query string. See http://jmespath.org/ for more information and examples.",
      "Arguments": null
    },
    {
      "Name": "--subscription",
      "Alias": null,
      "Short": null,
      "Attribute": "",
      "Description": "Name or ID of subscription. You can configure the default subscription using \u0060az account set -s NAME_OR_ID\u0060.",
      "Arguments": null
    },
    {
      "Name": "--verbose",
      "Alias": null,
      "Short": null,
      "Attribute": "",
      "Description": "Increase logging verbosity. Use --debug for full debug logs.",
      "Arguments": null
    }
  ],
  "Examples": null,
  "Name": "update",
  "Description": "Update Azure Advisor configuration."
}