{
  "Options": [
    {
      "Name": "--actions",
      "Alias": null,
      "Short": null,
      "Attribute": "[Required]",
      "Description": "Space-separated list of actions that trigger the webhook to post notifications.  Allowed values: chart_delete, chart_push, delete, push, quarantine.",
      "Arguments": [
        "chart_delete",
        "chart_push",
        "delete",
        "push",
        "quarantine"
      ]
    },
    {
      "Name": "--name",
      "Alias": null,
      "Short": [
        "-n "
      ],
      "Attribute": "[Required]",
      "Description": "The name of the webhook.",
      "Arguments": null
    },
    {
      "Name": "--registry",
      "Alias": null,
      "Short": [
        "-r "
      ],
      "Attribute": "[Required]",
      "Description": "The name of the container registry. It should be specified in lower case. You can configure the default registry name using \u0060az configure --defaults acr=\u003Cregistry name\u003E\u0060.",
      "Arguments": null
    },
    {
      "Name": "--uri",
      "Alias": null,
      "Short": null,
      "Attribute": "[Required]",
      "Description": "The service URI for the webhook to post notifications.",
      "Arguments": null
    },
    {
      "Name": "--headers",
      "Alias": null,
      "Short": null,
      "Attribute": "",
      "Description": "Space-separated custom headers in \u0027key[=value]\u0027 format that will be added to the webhook notifications. Use \u0022\u0022 to clear existing headers.",
      "Arguments": null
    },
    {
      "Name": "--location",
      "Alias": null,
      "Short": [
        "-l "
      ],
      "Attribute": "",
      "Description": "Location. Values from: \u0060az account list-locations\u0060. You can configure the default location using \u0060az configure --defaults location=\u003Clocation\u003E\u0060.",
      "Arguments": [
        "eastus",
        "eastus2",
        "southcentralus",
        "westus2",
        "westus3",
        "australiaeast",
        "southeastasia",
        "northeurope",
        "swedencentral",
        "uksouth",
        "westeurope",
        "centralus",
        "southafricanorth",
        "centralindia",
        "eastasia",
        "japaneast",
        "koreacentral",
        "canadacentral",
        "francecentral",
        "germanywestcentral",
        "italynorth",
        "norwayeast",
        "polandcentral",
        "switzerlandnorth",
        "uaenorth",
        "brazilsouth",
        "centraluseuap",
        "israelcentral",
        "qatarcentral",
        "centralusstage",
        "eastusstage",
        "eastus2stage",
        "northcentralusstage",
        "southcentralusstage",
        "westusstage",
        "westus2stage",
        "asia",
        "asiapacific",
        "australia",
        "brazil",
        "canada",
        "europe",
        "france",
        "germany",
        "global",
        "india",
        "japan",
        "korea",
        "norway",
        "singapore",
        "southafrica",
        "sweden",
        "switzerland",
        "uae",
        "uk",
        "unitedstates",
        "unitedstateseuap",
        "eastasiastage",
        "southeastasiastage",
        "brazilus",
        "eastusstg",
        "northcentralus",
        "westus",
        "japanwest",
        "jioindiawest",
        "eastus2euap",
        "westcentralus",
        "southafricawest",
        "australiacentral",
        "australiacentral2",
        "australiasoutheast",
        "jioindiacentral",
        "koreasouth",
        "southindia",
        "westindia",
        "canadaeast",
        "francesouth",
        "germanynorth",
        "norwaywest",
        "switzerlandwest",
        "ukwest",
        "uaecentral",
        "brazilsoutheast"
      ]
    },
    {
      "Name": "--resource-group",
      "Alias": null,
      "Short": [
        "-g "
      ],
      "Attribute": "",
      "Description": "Name of resource group. You can configure the default group using \u0060az configure --defaults group=\u003Cname\u003E\u0060.",
      "Arguments": null
    },
    {
      "Name": "--scope",
      "Alias": null,
      "Short": null,
      "Attribute": "",
      "Description": "The scope of repositories where the event can be triggered. For example, \u0027foo:*\u0027 means events for all tags under repository \u0027foo\u0027. \u0027foo:bar\u0027 means events for \u0027foo:bar\u0027 only. \u0027foo\u0027 is equivalent to \u0027foo:latest\u0027. Empty means events for all repositories.",
      "Arguments": null
    },
    {
      "Name": "--status",
      "Alias": null,
      "Short": null,
      "Attribute": "",
      "Description": "Indicates whether the webhook is enabled.  Allowed values: disabled, enabled.  Default: enabled.",
      "Arguments": [
        "disabled",
        "enabled"
      ]
    },
    {
      "Name": "--tags",
      "Alias": null,
      "Short": null,
      "Attribute": "",
      "Description": "Space-separated tags: key[=value] [key[=value] ...]. Use \u0022\u0022 to clear existing tags.",
      "Arguments": null
    },
    {
      "Name": "--debug",
      "Alias": null,
      "Short": null,
      "Attribute": "",
      "Description": "Increase logging verbosity to show all debug logs.",
      "Arguments": null
    },
    {
      "Name": "--help",
      "Alias": null,
      "Short": [
        "-h "
      ],
      "Attribute": "",
      "Description": "Show this help message and exit.",
      "Arguments": null
    },
    {
      "Name": "--only-show-errors",
      "Alias": null,
      "Short": null,
      "Attribute": "",
      "Description": "Only show errors, suppressing warnings.",
      "Arguments": null
    },
    {
      "Name": "--output",
      "Alias": null,
      "Short": [
        "-o "
      ],
      "Attribute": "",
      "Description": "Output format.  Allowed values: json, jsonc, none, table, tsv, yaml, yamlc.  Default: json.",
      "Arguments": [
        "json",
        "jsonc",
        "none",
        "table",
        "tsv",
        "yaml",
        "yamlc"
      ]
    },
    {
      "Name": "--query",
      "Alias": null,
      "Short": null,
      "Attribute": "",
      "Description": "JMESPath query string. See http://jmespath.org/ for more information and examples.",
      "Arguments": null
    },
    {
      "Name": "--subscription",
      "Alias": null,
      "Short": null,
      "Attribute": "",
      "Description": "Name or ID of subscription. You can configure the default subscription using \u0060az account set -s NAME_OR_ID\u0060.",
      "Arguments": null
    },
    {
      "Name": "--verbose",
      "Alias": null,
      "Short": null,
      "Attribute": "",
      "Description": "Increase logging verbosity. Use --debug for full debug logs.",
      "Arguments": null
    }
  ],
  "Examples": null,
  "Name": "create",
  "Description": "Create a webhook for an Azure Container Registry."
}