{
  "Options": [
    {
      "Name": "--name",
      "Alias": null,
      "Short": [
        "-n "
      ],
      "Attribute": "[Required]",
      "Description": "The name of the webhook.",
      "Arguments": null
    },
    {
      "Name": "--registry",
      "Alias": null,
      "Short": [
        "-r "
      ],
      "Attribute": "[Required]",
      "Description": "The name of the container registry. It should be specified in lower case. You can configure the default registry name using \u0060az configure --defaults acr=\u003Cregistry name\u003E\u0060.",
      "Arguments": null
    },
    {
      "Name": "--actions",
      "Alias": null,
      "Short": null,
      "Attribute": "",
      "Description": "Space-separated list of actions that trigger the webhook to post notifications.  Allowed values: chart_delete, chart_push, delete, push, quarantine.",
      "Arguments": [
        "chart_delete",
        "chart_push",
        "delete",
        "push",
        "quarantine"
      ]
    },
    {
      "Name": "--headers",
      "Alias": null,
      "Short": null,
      "Attribute": "",
      "Description": "Space-separated custom headers in \u0027key[=value]\u0027 format that will be added to the webhook notifications. Use \u0022\u0022 to clear existing headers.",
      "Arguments": null
    },
    {
      "Name": "--resource-group",
      "Alias": null,
      "Short": [
        "-g "
      ],
      "Attribute": "",
      "Description": "Name of resource group. You can configure the default group using \u0060az configure --defaults group=\u003Cname\u003E\u0060.",
      "Arguments": null
    },
    {
      "Name": "--scope",
      "Alias": null,
      "Short": null,
      "Attribute": "",
      "Description": "The scope of repositories where the event can be triggered. For example, \u0027foo:*\u0027 means events for all tags under repository \u0027foo\u0027. \u0027foo:bar\u0027 means events for \u0027foo:bar\u0027 only. \u0027foo\u0027 is equivalent to \u0027foo:latest\u0027. Empty means events for all repositories.",
      "Arguments": null
    },
    {
      "Name": "--status",
      "Alias": null,
      "Short": null,
      "Attribute": "",
      "Description": "Indicates whether the webhook is enabled.  Allowed values: disabled, enabled.",
      "Arguments": [
        "disabled",
        "enabled"
      ]
    },
    {
      "Name": "--tags",
      "Alias": null,
      "Short": null,
      "Attribute": "",
      "Description": "Space-separated tags: key[=value] [key[=value] ...]. Use \u0022\u0022 to clear existing tags.",
      "Arguments": null
    },
    {
      "Name": "--uri",
      "Alias": null,
      "Short": null,
      "Attribute": "",
      "Description": "The service URI for the webhook to post notifications.",
      "Arguments": null
    },
    {
      "Name": "--add",
      "Alias": null,
      "Short": null,
      "Attribute": "",
      "Description": "Add an object to a list of objects by specifying a path and key value pairs.  Example: --add property.listProperty \u003Ckey=value, string or JSON string\u003E.",
      "Arguments": null
    },
    {
      "Name": "--force-string",
      "Alias": null,
      "Short": null,
      "Attribute": "",
      "Description": "When using \u0027set\u0027 or \u0027add\u0027, preserve string literals instead of attempting to convert to JSON.",
      "Arguments": null
    },
    {
      "Name": "--remove",
      "Alias": null,
      "Short": null,
      "Attribute": "",
      "Description": "Remove a property or an element from a list.  Example: --remove property.list \u003CindexToRemove\u003E OR --remove propertyToRemove.",
      "Arguments": null
    },
    {
      "Name": "--set",
      "Alias": null,
      "Short": null,
      "Attribute": "",
      "Description": "Update an object by specifying a property path and value to set. Example: --set property1.property2=\u003Cvalue\u003E.",
      "Arguments": null
    },
    {
      "Name": "--debug",
      "Alias": null,
      "Short": null,
      "Attribute": "",
      "Description": "Increase logging verbosity to show all debug logs.",
      "Arguments": null
    },
    {
      "Name": "--help",
      "Alias": null,
      "Short": [
        "-h "
      ],
      "Attribute": "",
      "Description": "Show this help message and exit.",
      "Arguments": null
    },
    {
      "Name": "--only-show-errors",
      "Alias": null,
      "Short": null,
      "Attribute": "",
      "Description": "Only show errors, suppressing warnings.",
      "Arguments": null
    },
    {
      "Name": "--output",
      "Alias": null,
      "Short": [
        "-o "
      ],
      "Attribute": "",
      "Description": "Output format.  Allowed values: json, jsonc, none, table, tsv, yaml, yamlc.  Default: json.",
      "Arguments": [
        "json",
        "jsonc",
        "none",
        "table",
        "tsv",
        "yaml",
        "yamlc"
      ]
    },
    {
      "Name": "--query",
      "Alias": null,
      "Short": null,
      "Attribute": "",
      "Description": "JMESPath query string. See http://jmespath.org/ for more information and examples.",
      "Arguments": null
    },
    {
      "Name": "--subscription",
      "Alias": null,
      "Short": null,
      "Attribute": "",
      "Description": "Name or ID of subscription. You can configure the default subscription using \u0060az account set -s NAME_OR_ID\u0060.",
      "Arguments": null
    },
    {
      "Name": "--verbose",
      "Alias": null,
      "Short": null,
      "Attribute": "",
      "Description": "Increase logging verbosity. Use --debug for full debug logs.",
      "Arguments": null
    }
  ],
  "Examples": null,
  "Name": "update",
  "Description": "Update a webhook."
}