[
  {
    "Name": "create",
    "Type": 1,
    "Attribute": "",
    "Description": "Create a webhook for an Azure Container Registry."
  },
  {
    "Name": "delete",
    "Type": 1,
    "Attribute": "",
    "Description": "Delete a webhook from an Azure Container Registry."
  },
  {
    "Name": "get-config",
    "Type": 1,
    "Attribute": "",
    "Description": "Get the service URI and custom headers for the webhook."
  },
  {
    "Name": "list",
    "Type": 1,
    "Attribute": "",
    "Description": "List all of the webhooks for an Azure Container Registry."
  },
  {
    "Name": "list-events",
    "Type": 1,
    "Attribute": "",
    "Description": "List recent events for a webhook."
  },
  {
    "Name": "ping",
    "Type": 1,
    "Attribute": "",
    "Description": "Trigger a ping event for a webhook."
  },
  {
    "Name": "show",
    "Type": 1,
    "Attribute": "",
    "Description": "Get the details of a webhook."
  },
  {
    "Name": "update",
    "Type": 1,
    "Attribute": "",
    "Description": "Update a webhook."
  }
]