{
  "Options": [
    {
      "Name": "--name",
      "Alias": null,
      "Short": [
        "-n "
      ],
      "Attribute": "[Required]",
      "Description": "Name of the management group.",
      "Arguments": null
    },
    {
      "Name": "--display-name",
      "Alias": null,
      "Short": [
        "-d "
      ],
      "Attribute": "",
      "Description": "Sets the display name of the management group. If null, the group name is set as the display name.",
      "Arguments": null
    },
    {
      "Name": "--no-register",
      "Alias": null,
      "Short": null,
      "Attribute": "",
      "Description": "Skip registration for resource provider Microsoft.Management.",
      "Arguments": null
    },
    {
      "Name": "--parent",
      "Alias": null,
      "Short": [
        "-p "
      ],
      "Attribute": "",
      "Description": "Sets the parent of the management group. Can be the fully qualified id or the name of the management group. If null, the root tenant group is set as the parent.",
      "Arguments": null
    },
    {
      "Name": "--debug",
      "Alias": null,
      "Short": null,
      "Attribute": "",
      "Description": "Increase logging verbosity to show all debug logs.",
      "Arguments": null
    },
    {
      "Name": "--help",
      "Alias": null,
      "Short": [
        "-h "
      ],
      "Attribute": "",
      "Description": "Show this help message and exit.",
      "Arguments": null
    },
    {
      "Name": "--only-show-errors",
      "Alias": null,
      "Short": null,
      "Attribute": "",
      "Description": "Only show errors, suppressing warnings.",
      "Arguments": null
    },
    {
      "Name": "--output",
      "Alias": null,
      "Short": [
        "-o "
      ],
      "Attribute": "",
      "Description": "Output format.  Allowed values: json, jsonc, none, table, tsv, yaml, yamlc.  Default: json.",
      "Arguments": [
        "json",
        "jsonc",
        "none",
        "table",
        "tsv",
        "yaml",
        "yamlc"
      ]
    },
    {
      "Name": "--query",
      "Alias": null,
      "Short": null,
      "Attribute": "",
      "Description": "JMESPath query string. See http://jmespath.org/ for more information and examples.",
      "Arguments": null
    },
    {
      "Name": "--verbose",
      "Alias": null,
      "Short": null,
      "Attribute": "",
      "Description": "Increase logging verbosity. Use --debug for full debug logs.",
      "Arguments": null
    }
  ],
  "Examples": null,
  "Name": "create",
  "Description": "Create a new management group."
}