[
  {
    "Name": "entities",
    "Type": 0,
    "Attribute": "",
    "Description": "Entity operations (Management Group and Subscriptions) for Management Groups."
  },
  {
    "Name": "hierarchy-settings",
    "Type": 0,
    "Attribute": "",
    "Description": "Provide operations for hierarchy settings defined at the management group level. Settings can only be set on the root Management Group of the hierarchy."
  },
  {
    "Name": "subscription",
    "Type": 0,
    "Attribute": "",
    "Description": "Subscription operations for Management Groups."
  },
  {
    "Name": "tenant-backfill",
    "Type": 0,
    "Attribute": "",
    "Description": "Backfill Tenant Subscription Operations for Management Groups."
  },
  {
    "Name": "check-name-availability",
    "Type": 1,
    "Attribute": "",
    "Description": "Check if a Management Group Name is Valid."
  },
  {
    "Name": "create",
    "Type": 1,
    "Attribute": "",
    "Description": "Create a new management group."
  },
  {
    "Name": "delete",
    "Type": 1,
    "Attribute": "",
    "Description": "Delete an existing management group."
  },
  {
    "Name": "list",
    "Type": 1,
    "Attribute": "",
    "Description": "List all management groups in the current tenant."
  },
  {
    "Name": "show",
    "Type": 1,
    "Attribute": "",
    "Description": "Get the details of the management group."
  },
  {
    "Name": "update",
    "Type": 1,
    "Attribute": "",
    "Description": "Update an existing management group."
  }
]