{
  "Options": [
    {
      "Name": "--name",
      "Alias": null,
      "Short": [
        "-n "
      ],
      "Attribute": "[Required]",
      "Description": "Name of the management group (the last segment of the resource ID). Do not use display name.",
      "Arguments": null
    },
    {
      "Name": "--expand",
      "Alias": null,
      "Short": [
        "-e "
      ],
      "Attribute": "",
      "Description": "If given, lists the children in the first level of hierarchy.",
      "Arguments": null
    },
    {
      "Name": "--no-register",
      "Alias": null,
      "Short": null,
      "Attribute": "",
      "Description": "Skip registration for resource provider Microsoft.Management.",
      "Arguments": null
    },
    {
      "Name": "--recurse",
      "Alias": null,
      "Short": [
        "-r "
      ],
      "Attribute": "",
      "Description": "If given, lists the children in all levels of hierarchy.",
      "Arguments": null
    },
    {
      "Name": "--debug",
      "Alias": null,
      "Short": null,
      "Attribute": "",
      "Description": "Increase logging verbosity to show all debug logs.",
      "Arguments": null
    },
    {
      "Name": "--help",
      "Alias": null,
      "Short": [
        "-h "
      ],
      "Attribute": "",
      "Description": "Show this help message and exit.",
      "Arguments": null
    },
    {
      "Name": "--only-show-errors",
      "Alias": null,
      "Short": null,
      "Attribute": "",
      "Description": "Only show errors, suppressing warnings.",
      "Arguments": null
    },
    {
      "Name": "--output",
      "Alias": null,
      "Short": [
        "-o "
      ],
      "Attribute": "",
      "Description": "Output format.  Allowed values: json, jsonc, none, table, tsv, yaml, yamlc.  Default: json.",
      "Arguments": [
        "json",
        "jsonc",
        "none",
        "table",
        "tsv",
        "yaml",
        "yamlc"
      ]
    },
    {
      "Name": "--query",
      "Alias": null,
      "Short": null,
      "Attribute": "",
      "Description": "JMESPath query string. See http://jmespath.org/ for more information and examples.",
      "Arguments": null
    },
    {
      "Name": "--verbose",
      "Alias": null,
      "Short": null,
      "Attribute": "",
      "Description": "Increase logging verbosity. Use --debug for full debug logs.",
      "Arguments": null
    }
  ],
  "Examples": null,
  "Name": "show",
  "Description": "Get the details of the management group."
}