{
  "Options": [
    {
      "Name": "--match-variable",
      "Alias": null,
      "Short": null,
      "Attribute": "[Required]",
      "Description": "Name of the match condition: https://docs.microsoft.com/en- us/azure/frontdoor/rules-match-conditions.  Allowed values: ClientPort, Cookies, HostName, HttpVersion, IsDevice, PostArgs, QueryString, RemoteAddress, RequestBody, RequestHeader, RequestMethod, RequestScheme, RequestUri, ServerPort, SocketAddr, SslProtocol, UrlFileExtension, UrlFileName, UrlPath.",
      "Arguments": [
        "ClientPort",
        "Cookies",
        "HostName",
        "HttpVersion",
        "IsDevice",
        "PostArgs",
        "QueryString",
        "RemoteAddress",
        "RequestBody",
        "RequestHeader",
        "RequestMethod",
        "RequestScheme",
        "RequestUri",
        "ServerPort",
        "SocketAddr",
        "SslProtocol",
        "UrlFileExtension",
        "UrlFileName",
        "UrlPath"
      ]
    },
    {
      "Name": "--operator",
      "Alias": null,
      "Short": null,
      "Attribute": "[Required]",
      "Description": "Operator of the match condition.",
      "Arguments": null
    },
    {
      "Name": "--match-values",
      "Alias": null,
      "Short": null,
      "Attribute": "",
      "Description": "Match values of the match condition. e.g, space separated values \u0022GET\u0022 \u0022HTTP\u0022.",
      "Arguments": null
    },
    {
      "Name": "--negate-condition",
      "Alias": null,
      "Short": null,
      "Attribute": "",
      "Description": "If true, negates the condition.  Allowed values: false, true.",
      "Arguments": null
    },
    {
      "Name": "--selector",
      "Alias": null,
      "Short": null,
      "Attribute": "",
      "Description": "Selector of the match condition.",
      "Arguments": null
    },
    {
      "Name": "--transforms",
      "Alias": null,
      "Short": null,
      "Attribute": "",
      "Description": "Transform to apply before matching.  Allowed values: Lowercase, RemoveNulls, Trim, Uppercase, UrlDecode, UrlEncode.",
      "Arguments": [
        "Lowercase",
        "RemoveNulls",
        "Trim",
        "Uppercase",
        "UrlDecode",
        "UrlEncode"
      ]
    },
    {
      "Name": "--ids",
      "Alias": null,
      "Short": null,
      "Attribute": "",
      "Description": "One or more resource IDs (space-delimited). It should be a complete resource ID containing all information of \u0027Resource Id\u0027 arguments. You should provide either --ids or other \u0027Resource Id\u0027 arguments.",
      "Arguments": null
    },
    {
      "Name": "--profile-name",
      "Alias": null,
      "Short": null,
      "Attribute": "",
      "Description": "Name of the CDN profile which is unique within the resource group.",
      "Arguments": null
    },
    {
      "Name": "--resource-group",
      "Alias": null,
      "Short": [
        "-g "
      ],
      "Attribute": "",
      "Description": "Name of resource group. You can configure the default group using \u0060az configure --defaults group=\u003Cname\u003E\u0060.",
      "Arguments": null
    },
    {
      "Name": "--rule-name",
      "Alias": null,
      "Short": null,
      "Attribute": "",
      "Description": "Name of the rule.",
      "Arguments": null
    },
    {
      "Name": "--rule-set-name",
      "Alias": null,
      "Short": null,
      "Attribute": "",
      "Description": "Name of the rule set.",
      "Arguments": null
    },
    {
      "Name": "--subscription",
      "Alias": null,
      "Short": null,
      "Attribute": "",
      "Description": "Name or ID of subscription. You can configure the default subscription using \u0060az account set -s NAME_OR_ID\u0060.",
      "Arguments": null
    },
    {
      "Name": "--debug",
      "Alias": null,
      "Short": null,
      "Attribute": "",
      "Description": "Increase logging verbosity to show all debug logs.",
      "Arguments": null
    },
    {
      "Name": "--help",
      "Alias": null,
      "Short": [
        "-h "
      ],
      "Attribute": "",
      "Description": "Show this help message and exit.",
      "Arguments": null
    },
    {
      "Name": "--only-show-errors",
      "Alias": null,
      "Short": null,
      "Attribute": "",
      "Description": "Only show errors, suppressing warnings.",
      "Arguments": null
    },
    {
      "Name": "--output",
      "Alias": null,
      "Short": [
        "-o "
      ],
      "Attribute": "",
      "Description": "Output format.  Allowed values: json, jsonc, none, table, tsv, yaml, yamlc.  Default: json.",
      "Arguments": [
        "json",
        "jsonc",
        "none",
        "table",
        "tsv",
        "yaml",
        "yamlc"
      ]
    },
    {
      "Name": "--query",
      "Alias": null,
      "Short": null,
      "Attribute": "",
      "Description": "JMESPath query string. See http://jmespath.org/ for more information and examples.",
      "Arguments": null
    },
    {
      "Name": "--verbose",
      "Alias": null,
      "Short": null,
      "Attribute": "",
      "Description": "Increase logging verbosity. Use --debug for full debug logs.",
      "Arguments": null
    }
  ],
  "Examples": null,
  "Name": "add",
  "Description": "Add a condition to a delivery rule."
}