{
  "Options": [
    {
      "Name": "--name",
      "Alias": null,
      "Short": [
        "-n "
      ],
      "Attribute": "[Required]",
      "Description": "The name of the token.",
      "Arguments": null
    },
    {
      "Name": "--registry",
      "Alias": null,
      "Short": [
        "-r "
      ],
      "Attribute": "[Required]",
      "Description": "The name of the container registry. It should be specified in lower case. You can configure the default registry name using \u0060az configure --defaults acr=\u003Cregistry name\u003E\u0060.",
      "Arguments": null
    },
    {
      "Name": "--expiration",
      "Alias": null,
      "Short": null,
      "Attribute": "",
      "Description": "UTC time for which the credentials will be valid. In the format of %Y-%m-%dT%H:%M:%SZ, e.g. 2025-12-31T12:59:59Z.",
      "Arguments": null
    },
    {
      "Name": "--expiration-in-days",
      "Alias": null,
      "Short": null,
      "Attribute": "",
      "Description": "Number of days for which the credentials will be valid. If not specified, the expiration will default to the max value \u00229999-12-31T23:59:59.999999\u002B00:00\u0022.",
      "Arguments": null
    },
    {
      "Name": "--gateway",
      "Alias": null,
      "Short": null,
      "Attribute": "",
      "Description": "Gateway permissions. Use the format \u0022--gateway GATEWAY [ACTION1 ACTION2 ...]\u0022 per flag. Valid actions are [\u0027config/read\u0027, \u0027config/write\u0027, \u0027message/read\u0027, \u0027message/write\u0027].",
      "Arguments": null
    },
    {
      "Name": "--no-passwords",
      "Alias": null,
      "Short": null,
      "Attribute": "",
      "Description": "Do not generate passwords during token creation. You can generate the passwords after the token is created by using \u0060az acr token credentials generate\u0060 command.  Allowed values: false, true.",
      "Arguments": null
    },
    {
      "Name": "--repository",
      "Alias": null,
      "Short": null,
      "Attribute": "",
      "Description": "Repository permissions. Use the format \u0022--repository REPO [ACTION1 ACTION2 ...]\u0022 per flag. Valid actions are [\u0027content/delete\u0027, \u0027content/read\u0027, \u0027content/write\u0027, \u0027metadata/read\u0027, \u0027metadata/write\u0027].",
      "Arguments": null
    },
    {
      "Name": "--resource-group",
      "Alias": null,
      "Short": [
        "-g "
      ],
      "Attribute": "",
      "Description": "Name of resource group. You can configure the default group using \u0060az configure --defaults group=\u003Cname\u003E\u0060.",
      "Arguments": null
    },
    {
      "Name": "--scope-map",
      "Alias": null,
      "Short": null,
      "Attribute": "",
      "Description": "The name of the scope map with pre-configured repository permissions. Use \u0022--repository\u0022 and/or \u0022--gateway\u0022 if you would like CLI to configure one for you.",
      "Arguments": null
    },
    {
      "Name": "--status",
      "Alias": null,
      "Short": null,
      "Attribute": "",
      "Description": "The status of the token.  Allowed values: disabled, enabled. Default: enabled.",
      "Arguments": [
        "disabled",
        "enabled"
      ]
    },
    {
      "Name": "--debug",
      "Alias": null,
      "Short": null,
      "Attribute": "",
      "Description": "Increase logging verbosity to show all debug logs.",
      "Arguments": null
    },
    {
      "Name": "--help",
      "Alias": null,
      "Short": [
        "-h "
      ],
      "Attribute": "",
      "Description": "Show this help message and exit.",
      "Arguments": null
    },
    {
      "Name": "--only-show-errors",
      "Alias": null,
      "Short": null,
      "Attribute": "",
      "Description": "Only show errors, suppressing warnings.",
      "Arguments": null
    },
    {
      "Name": "--output",
      "Alias": null,
      "Short": [
        "-o "
      ],
      "Attribute": "",
      "Description": "Output format.  Allowed values: json, jsonc, none, table, tsv, yaml, yamlc.  Default: json.",
      "Arguments": [
        "json",
        "jsonc",
        "none",
        "table",
        "tsv",
        "yaml",
        "yamlc"
      ]
    },
    {
      "Name": "--query",
      "Alias": null,
      "Short": null,
      "Attribute": "",
      "Description": "JMESPath query string. See http://jmespath.org/ for more information and examples.",
      "Arguments": null
    },
    {
      "Name": "--subscription",
      "Alias": null,
      "Short": null,
      "Attribute": "",
      "Description": "Name or ID of subscription. You can configure the default subscription using \u0060az account set -s NAME_OR_ID\u0060.",
      "Arguments": null
    },
    {
      "Name": "--verbose",
      "Alias": null,
      "Short": null,
      "Attribute": "",
      "Description": "Increase logging verbosity. Use --debug for full debug logs.",
      "Arguments": null
    }
  ],
  "Examples": null,
  "Name": "create",
  "Description": "Create a token associated with a scope map for an Azure Container Registry."
}