[
  {
    "Name": "credential",
    "Type": 0,
    "Attribute": "",
    "Description": "Manage credentials of a token for an Azure Container Registry."
  },
  {
    "Name": "create",
    "Type": 1,
    "Attribute": "",
    "Description": "Create a token associated with a scope map for an Azure Container Registry."
  },
  {
    "Name": "delete",
    "Type": 1,
    "Attribute": "",
    "Description": "Delete a token for an Azure Container Registry."
  },
  {
    "Name": "list",
    "Type": 1,
    "Attribute": "",
    "Description": "List all tokens for an Azure Container Registry."
  },
  {
    "Name": "show",
    "Type": 1,
    "Attribute": "",
    "Description": "Show details and attributes of a token for an Azure Container Registry."
  },
  {
    "Name": "update",
    "Type": 1,
    "Attribute": "",
    "Description": "Update a token (replace associated scope map) for an Azure Container Registry."
  }
]