{
  "Options": [
    {
      "Name": "--action-name",
      "Alias": null,
      "Short": null,
      "Attribute": "[Required]",
      "Description": "The name of the action for the delivery rule: https://docs.microsoft.com/en-us/azure/frontdoor/front-door- rules-engine-actions.  Allowed values: ModifyRequestHeader, ModifyResponseHeader, RouteConfigurationOverride, UrlRedirect, UrlRewrite.",
      "Arguments": [
        "ModifyRequestHeader",
        "ModifyResponseHeader",
        "RouteConfigurationOverride",
        "UrlRedirect",
        "UrlRewrite"
      ]
    },
    {
      "Name": "--cache-behavior",
      "Alias": null,
      "Short": null,
      "Attribute": "",
      "Description": "Caching behavior for the requests.  Allowed values: HonorOrigin, OverrideAlways, OverrideIfOriginMissing.",
      "Arguments": [
        "HonorOrigin",
        "OverrideAlways",
        "OverrideIfOriginMissing"
      ]
    },
    {
      "Name": "--cache-duration",
      "Alias": null,
      "Short": null,
      "Attribute": "",
      "Description": "The duration for which the content needs to be cached. Allowed format is [d.]hh:mm:ss.",
      "Arguments": null
    },
    {
      "Name": "--custom-fragment",
      "Alias": null,
      "Short": null,
      "Attribute": "",
      "Description": "Fragment to add to the redirect URL.",
      "Arguments": null
    },
    {
      "Name": "--custom-hostname",
      "Alias": null,
      "Short": null,
      "Attribute": "",
      "Description": "Host to redirect.                Leave empty to use the incoming host as the destination host.",
      "Arguments": null
    },
    {
      "Name": "--custom-path",
      "Alias": null,
      "Short": null,
      "Attribute": "",
      "Description": "The full path to redirect. Path cannot be empty and must start with /.                Leave empty to use the incoming path as destination path.",
      "Arguments": null
    },
    {
      "Name": "--custom-querystring",
      "Alias": null,
      "Short": null,
      "Attribute": "",
      "Description": "The set of query strings to be placed in the redirect URL. leave empty to preserve the incoming query string.",
      "Arguments": null
    },
    {
      "Name": "--destination",
      "Alias": null,
      "Short": null,
      "Attribute": "",
      "Description": "The destination path to be used in the rewrite.",
      "Arguments": null
    },
    {
      "Name": "--enable-caching",
      "Alias": null,
      "Short": null,
      "Attribute": "",
      "Description": "Indicates whether to enable caching on the route.  Allowed values: false, true.",
      "Arguments": null
    },
    {
      "Name": "--enable-compression",
      "Alias": null,
      "Short": null,
      "Attribute": "",
      "Description": "Indicates whether content compression is enabled on AzureFrontDoor. Default value is false. If compression is enabled, content will be served as compressed if user requests for a compressed version. Content won\u0027t be compressed on AzureFrontDoor when requested content is smaller than 1 byte or larger than 1 MB.  Allowed values: false, true.",
      "Arguments": null
    },
    {
      "Name": "--forwarding-protocol",
      "Alias": null,
      "Short": null,
      "Attribute": "",
      "Description": "Protocol this rule will use when forwarding traffic to backends.  Allowed values: HttpOnly, HttpsOnly, MatchRequest.",
      "Arguments": [
        "HttpOnly",
        "HttpsOnly",
        "MatchRequest"
      ]
    },
    {
      "Name": "--header-action",
      "Alias": null,
      "Short": null,
      "Attribute": "",
      "Description": "Header action for the requests.  Allowed values: Append, Delete, Overwrite.",
      "Arguments": [
        "Append",
        "Delete",
        "Overwrite"
      ]
    },
    {
      "Name": "--header-name",
      "Alias": null,
      "Short": null,
      "Attribute": "",
      "Description": "Name of the header to modify.",
      "Arguments": null
    },
    {
      "Name": "--header-value",
      "Alias": null,
      "Short": null,
      "Attribute": "",
      "Description": "Value of the header.",
      "Arguments": null
    },
    {
      "Name": "--origin-group",
      "Alias": null,
      "Short": null,
      "Attribute": "",
      "Description": "Name or ID of the OriginGroup that would override the default OriginGroup.",
      "Arguments": null
    },
    {
      "Name": "--preserve-unmatched-path",
      "Alias": null,
      "Short": null,
      "Attribute": "",
      "Description": "If True, the remaining path after the source pattern will be appended to the new destination path.  Allowed values: false, true.",
      "Arguments": null
    },
    {
      "Name": "--query-parameters",
      "Alias": null,
      "Short": null,
      "Attribute": "",
      "Description": "Query parameters to include or exclude.",
      "Arguments": null
    },
    {
      "Name": "--query-string-caching-behavior",
      "Alias": null,
      "Short": null,
      "Attribute": "",
      "Description": "Defines how CDN caches requests that include query strings. You can ignore any query strings when caching, bypass caching to prevent requests that contain query strings from being cached, or cache every request with a unique URL.  Allowed values: IgnoreQueryString, IgnoreSpecifiedQueryStrings, IncludeSpecifiedQueryStrings, UseQueryString.",
      "Arguments": [
        "IgnoreQueryString",
        "IgnoreSpecifiedQueryStrings",
        "IncludeSpecifiedQueryStrings",
        "UseQueryString"
      ]
    },
    {
      "Name": "--redirect-protocol",
      "Alias": null,
      "Short": null,
      "Attribute": "",
      "Description": "Protocol to use for the redirect.  Allowed values: Http, Https, MatchRequest.",
      "Arguments": [
        "Http",
        "Https",
        "MatchRequest"
      ]
    },
    {
      "Name": "--redirect-type",
      "Alias": null,
      "Short": null,
      "Attribute": "",
      "Description": "The redirect type the rule will use when redirecting traffic. Allowed values: Found, Moved, PermanentRedirect, TemporaryRedirect.",
      "Arguments": [
        "Found",
        "Moved",
        "PermanentRedirect",
        "TemporaryRedirect"
      ]
    },
    {
      "Name": "--source-pattern",
      "Alias": null,
      "Short": null,
      "Attribute": "",
      "Description": "A request URI pattern that identifies the type of requests that may be rewritten.",
      "Arguments": null
    },
    {
      "Name": "--ids",
      "Alias": null,
      "Short": null,
      "Attribute": "",
      "Description": "One or more resource IDs (space-delimited). It should be a complete resource ID containing all information of \u0027Resource Id\u0027 arguments. You should provide either --ids or other \u0027Resource Id\u0027 arguments.",
      "Arguments": null
    },
    {
      "Name": "--profile-name",
      "Alias": null,
      "Short": null,
      "Attribute": "",
      "Description": "Name of the CDN profile which is unique within the resource group.",
      "Arguments": null
    },
    {
      "Name": "--resource-group",
      "Alias": null,
      "Short": [
        "-g "
      ],
      "Attribute": "",
      "Description": "Name of resource group. You can configure the default group using \u0060az configure --defaults group=\u003Cname\u003E\u0060.",
      "Arguments": null
    },
    {
      "Name": "--rule-name",
      "Alias": null,
      "Short": null,
      "Attribute": "",
      "Description": "Name of the rule.",
      "Arguments": null
    },
    {
      "Name": "--rule-set-name",
      "Alias": null,
      "Short": null,
      "Attribute": "",
      "Description": "Name of the rule set.",
      "Arguments": null
    },
    {
      "Name": "--subscription",
      "Alias": null,
      "Short": null,
      "Attribute": "",
      "Description": "Name or ID of subscription. You can configure the default subscription using \u0060az account set -s NAME_OR_ID\u0060.",
      "Arguments": null
    },
    {
      "Name": "--debug",
      "Alias": null,
      "Short": null,
      "Attribute": "",
      "Description": "Increase logging verbosity to show all debug logs.",
      "Arguments": null
    },
    {
      "Name": "--help",
      "Alias": null,
      "Short": [
        "-h "
      ],
      "Attribute": "",
      "Description": "Show this help message and exit.",
      "Arguments": null
    },
    {
      "Name": "--only-show-errors",
      "Alias": null,
      "Short": null,
      "Attribute": "",
      "Description": "Only show errors, suppressing warnings.",
      "Arguments": null
    },
    {
      "Name": "--output",
      "Alias": null,
      "Short": [
        "-o "
      ],
      "Attribute": "",
      "Description": "Output format.  Allowed values: json, jsonc, none, table, tsv, yaml, yamlc.  Default: json.",
      "Arguments": [
        "json",
        "jsonc",
        "none",
        "table",
        "tsv",
        "yaml",
        "yamlc"
      ]
    },
    {
      "Name": "--query",
      "Alias": null,
      "Short": null,
      "Attribute": "",
      "Description": "JMESPath query string. See http://jmespath.org/ for more information and examples.",
      "Arguments": null
    },
    {
      "Name": "--verbose",
      "Alias": null,
      "Short": null,
      "Attribute": "",
      "Description": "Increase logging verbosity. Use --debug for full debug logs.",
      "Arguments": null
    }
  ],
  "Examples": null,
  "Name": "add",
  "Description": "Add an action to a delivery rule."
}