{
  "Options": [
    {
      "Name": "--policy-option-name",
      "Alias": null,
      "Short": null,
      "Attribute": "[Required]",
      "Description": "The content key policy option name.",
      "Arguments": null
    },
    {
      "Name": "--clear-key-configuration",
      "Alias": null,
      "Short": null,
      "Attribute": "",
      "Description": "Use Clear Key configuration, a.k.a AES encryption. It\u0027s intended for non-DRM keys.",
      "Arguments": null
    },
    {
      "Name": "--ask",
      "Alias": null,
      "Short": null,
      "Attribute": "",
      "Description": "The key that must be used as FairPlay Application Secret Key, which is a 32 character hex string.",
      "Arguments": null
    },
    {
      "Name": "--fair-play-pfx",
      "Alias": null,
      "Short": null,
      "Attribute": "",
      "Description": "The filepath to a FairPlay certificate file in PKCS 12 (pfx) format (including private key).",
      "Arguments": null
    },
    {
      "Name": "--fair-play-pfx-password",
      "Alias": null,
      "Short": null,
      "Attribute": "",
      "Description": "The password encrypting FairPlay certificate in PKCS 12 (pfx) format.",
      "Arguments": null
    },
    {
      "Name": "--fp-playback-duration-seconds",
      "Alias": null,
      "Short": null,
      "Attribute": "",
      "Description": "Playback duration.",
      "Arguments": null
    },
    {
      "Name": "--fp-storage-duration-seconds",
      "Alias": null,
      "Short": null,
      "Attribute": "",
      "Description": "Storage duration.",
      "Arguments": null
    },
    {
      "Name": "--rental-and-lease-key-type",
      "Alias": null,
      "Short": null,
      "Attribute": "",
      "Description": "The rental and lease key type. Available values: Undefined, DualExpiry, PersistentUnlimited, PersistentLimited.",
      "Arguments": null
    },
    {
      "Name": "--rental-duration",
      "Alias": null,
      "Short": null,
      "Attribute": "",
      "Description": "The rental duration. Must be greater than or equal to 0.",
      "Arguments": null
    },
    {
      "Name": "--open-restriction",
      "Alias": null,
      "Short": null,
      "Attribute": "",
      "Description": "Use open restriction. License or key will be delivered on every request. Not recommended for production environments.",
      "Arguments": null
    },
    {
      "Name": "--play-ready-template",
      "Alias": null,
      "Short": null,
      "Attribute": "",
      "Description": "JSON PlayReady license template. Use @{file} to load from a file.",
      "Arguments": null
    },
    {
      "Name": "--account-name",
      "Alias": null,
      "Short": [
        "-a "
      ],
      "Attribute": "",
      "Description": "The name of the Azure Media Services account.",
      "Arguments": null
    },
    {
      "Name": "--ids",
      "Alias": null,
      "Short": null,
      "Attribute": "",
      "Description": "One or more resource IDs (space-delimited). It should be a complete resource ID containing all information of \u0027Resource Id\u0027 arguments. You should provide either --ids or other \u0027Resource Id\u0027 arguments.",
      "Arguments": null
    },
    {
      "Name": "--name",
      "Alias": null,
      "Short": [
        "-n "
      ],
      "Attribute": "",
      "Description": "The content key policy name.",
      "Arguments": null
    },
    {
      "Name": "--resource-group",
      "Alias": null,
      "Short": [
        "-g "
      ],
      "Attribute": "",
      "Description": "Name of resource group. You can configure the default group using \u0060az configure --defaults group=\u003Cname\u003E\u0060.",
      "Arguments": null
    },
    {
      "Name": "--subscription",
      "Alias": null,
      "Short": null,
      "Attribute": "",
      "Description": "Name or ID of subscription. You can configure the default subscription using \u0060az account set -s NAME_OR_ID\u0060.",
      "Arguments": null
    },
    {
      "Name": "--alt-rsa-token-keys",
      "Alias": null,
      "Short": null,
      "Attribute": "",
      "Description": "Space-separated list of alternate rsa token keys.",
      "Arguments": null
    },
    {
      "Name": "--alt-symmetric-token-keys",
      "Alias": null,
      "Short": null,
      "Attribute": "",
      "Description": "Space-separated list of alternate symmetric token keys.",
      "Arguments": null
    },
    {
      "Name": "--alt-x509-token-keys",
      "Alias": null,
      "Short": null,
      "Attribute": "",
      "Description": "Space-separated list of alternate x509 certificate token keys.",
      "Arguments": null
    },
    {
      "Name": "--audience",
      "Alias": null,
      "Short": null,
      "Attribute": "",
      "Description": "The audience for the token.",
      "Arguments": null
    },
    {
      "Name": "--issuer",
      "Alias": null,
      "Short": null,
      "Attribute": "",
      "Description": "The token issuer.",
      "Arguments": null
    },
    {
      "Name": "--open-id-connect-discovery-document",
      "Alias": null,
      "Short": null,
      "Attribute": "",
      "Description": "The OpenID connect discovery document.",
      "Arguments": null
    },
    {
      "Name": "--token-claims",
      "Alias": null,
      "Short": null,
      "Attribute": "",
      "Description": "Space-separated required token claims in \u0027[key=value]\u0027 format.",
      "Arguments": null
    },
    {
      "Name": "--token-key",
      "Alias": null,
      "Short": null,
      "Attribute": "",
      "Description": "Either a string (for symmetric key) or a filepath to a certificate (x509) or public key (rsa). Must be used in conjunction with --token-key-type.",
      "Arguments": null
    },
    {
      "Name": "--token-key-type",
      "Alias": null,
      "Short": null,
      "Attribute": "",
      "Description": "The type of the token key to be used for the primary verification key. Allowed values: Symmetric, RSA, X509.",
      "Arguments": [
        "Symmetric",
        "RSA",
        "X509"
      ]
    },
    {
      "Name": "--token-type",
      "Alias": null,
      "Short": null,
      "Attribute": "",
      "Description": "The type of token. Allowed values: Jwt, Swt.",
      "Arguments": [
        "Jwt",
        "Swt"
      ]
    },
    {
      "Name": "--widevine-template",
      "Alias": null,
      "Short": null,
      "Attribute": "",
      "Description": "JSON Widevine license template. Use @{file} to load from a file.",
      "Arguments": null
    },
    {
      "Name": "--debug",
      "Alias": null,
      "Short": null,
      "Attribute": "",
      "Description": "Increase logging verbosity to show all debug logs.",
      "Arguments": null
    },
    {
      "Name": "--help",
      "Alias": null,
      "Short": [
        "-h "
      ],
      "Attribute": "",
      "Description": "Show this help message and exit.",
      "Arguments": null
    },
    {
      "Name": "--only-show-errors",
      "Alias": null,
      "Short": null,
      "Attribute": "",
      "Description": "Only show errors, suppressing warnings.",
      "Arguments": null
    },
    {
      "Name": "--output",
      "Alias": null,
      "Short": [
        "-o "
      ],
      "Attribute": "",
      "Description": "Output format.  Allowed values: json, jsonc, none, table, tsv, yaml, yamlc.  Default: json.",
      "Arguments": [
        "json",
        "jsonc",
        "none",
        "table",
        "tsv",
        "yaml",
        "yamlc"
      ]
    },
    {
      "Name": "--query",
      "Alias": null,
      "Short": null,
      "Attribute": "",
      "Description": "JMESPath query string. See http://jmespath.org/ for more information and examples.",
      "Arguments": null
    },
    {
      "Name": "--verbose",
      "Alias": null,
      "Short": null,
      "Attribute": "",
      "Description": "Increase logging verbosity. Use --debug for full debug logs.",
      "Arguments": null
    }
  ],
  "Examples": null,
  "Name": "add",
  "Description": "Add a new option to an existing content key policy."
}