{
  "Options": [
    {
      "Name": "--display-name",
      "Alias": null,
      "Short": null,
      "Attribute": "[Required]",
      "Description": "Object\u0027s display name or its prefix.",
      "Arguments": null
    },
    {
      "Name": "--password",
      "Alias": null,
      "Short": null,
      "Attribute": "[Required]",
      "Description": "The password that should be assigned to the user for authentication.",
      "Arguments": null
    },
    {
      "Name": "--user-principal-name",
      "Alias": null,
      "Short": null,
      "Attribute": "[Required]",
      "Description": "The user principal name (someuser@contoso.com). It must contain one of the verified domains for the tenant.",
      "Arguments": null
    },
    {
      "Name": "--force-change-password-next-sign-in",
      "Alias": null,
      "Short": null,
      "Attribute": "",
      "Description": "Marks this user as needing to update their password the next time they authenticate. If omitted, false will be used.  Allowed values: false, true.",
      "Arguments": null
    },
    {
      "Name": "--immutable-id",
      "Alias": null,
      "Short": null,
      "Attribute": "",
      "Description": "This must be specified if you are using a federated domain for the user\u0027s userPrincipalName (UPN) property when creating a new user account. It is used to associate an on-premises Active Directory user account with their Azure AD user object.",
      "Arguments": null
    },
    {
      "Name": "--mail-nickname",
      "Alias": null,
      "Short": null,
      "Attribute": "",
      "Description": "Mail alias. Defaults to user principal name.",
      "Arguments": null
    },
    {
      "Name": "--debug",
      "Alias": null,
      "Short": null,
      "Attribute": "",
      "Description": "Increase logging verbosity to show all debug logs.",
      "Arguments": null
    },
    {
      "Name": "--help",
      "Alias": null,
      "Short": [
        "-h "
      ],
      "Attribute": "",
      "Description": "Show this help message and exit.",
      "Arguments": null
    },
    {
      "Name": "--only-show-errors",
      "Alias": null,
      "Short": null,
      "Attribute": "",
      "Description": "Only show errors, suppressing warnings.",
      "Arguments": null
    },
    {
      "Name": "--output",
      "Alias": null,
      "Short": [
        "-o "
      ],
      "Attribute": "",
      "Description": "Output format.  Allowed values: json, jsonc, none, table, tsv, yaml, yamlc.  Default: json.",
      "Arguments": [
        "json",
        "jsonc",
        "none",
        "table",
        "tsv",
        "yaml",
        "yamlc"
      ]
    },
    {
      "Name": "--query",
      "Alias": null,
      "Short": null,
      "Attribute": "",
      "Description": "JMESPath query string. See http://jmespath.org/ for more information and examples.",
      "Arguments": null
    },
    {
      "Name": "--verbose",
      "Alias": null,
      "Short": null,
      "Attribute": "",
      "Description": "Increase logging verbosity. Use --debug for full debug logs.",
      "Arguments": null
    }
  ],
  "Examples": null,
  "Name": "create",
  "Description": "Create an Azure Active Directory user."
}