{
  "Options": [
    {
      "Name": "--id",
      "Alias": null,
      "Short": null,
      "Attribute": "[Required]",
      "Description": "The object ID or principal name of the user for which to get information.",
      "Arguments": null
    },
    {
      "Name": "--account-enabled",
      "Alias": null,
      "Short": null,
      "Attribute": "",
      "Description": "Enable the user account.  Allowed values: false, true.",
      "Arguments": null
    },
    {
      "Name": "--display-name",
      "Alias": null,
      "Short": null,
      "Attribute": "",
      "Description": "Object\u0027s display name or its prefix.",
      "Arguments": null
    },
    {
      "Name": "--force-change-password-next-sign-in",
      "Alias": null,
      "Short": null,
      "Attribute": "",
      "Description": "If the user must change her password on the next login. Allowed values: false, true.",
      "Arguments": null
    },
    {
      "Name": "--mail-nickname",
      "Alias": null,
      "Short": null,
      "Attribute": "",
      "Description": "Mail alias. Defaults to user principal name.",
      "Arguments": null
    },
    {
      "Name": "--password",
      "Alias": null,
      "Short": null,
      "Attribute": "",
      "Description": "User password.",
      "Arguments": null
    },
    {
      "Name": "--debug",
      "Alias": null,
      "Short": null,
      "Attribute": "",
      "Description": "Increase logging verbosity to show all debug logs.",
      "Arguments": null
    },
    {
      "Name": "--help",
      "Alias": null,
      "Short": [
        "-h "
      ],
      "Attribute": "",
      "Description": "Show this help message and exit.",
      "Arguments": null
    },
    {
      "Name": "--only-show-errors",
      "Alias": null,
      "Short": null,
      "Attribute": "",
      "Description": "Only show errors, suppressing warnings.",
      "Arguments": null
    },
    {
      "Name": "--output",
      "Alias": null,
      "Short": [
        "-o "
      ],
      "Attribute": "",
      "Description": "Output format.  Allowed values: json, jsonc, none, table, tsv, yaml, yamlc.  Default: json.",
      "Arguments": [
        "json",
        "jsonc",
        "none",
        "table",
        "tsv",
        "yaml",
        "yamlc"
      ]
    },
    {
      "Name": "--query",
      "Alias": null,
      "Short": null,
      "Attribute": "",
      "Description": "JMESPath query string. See http://jmespath.org/ for more information and examples.",
      "Arguments": null
    },
    {
      "Name": "--verbose",
      "Alias": null,
      "Short": null,
      "Attribute": "",
      "Description": "Increase logging verbosity. Use --debug for full debug logs.",
      "Arguments": null
    }
  ],
  "Examples": null,
  "Name": "update",
  "Description": "Update Azure Active Directory users."
}