[
  {
    "Name": "create",
    "Type": 1,
    "Attribute": "",
    "Description": "Create an Azure Active Directory user."
  },
  {
    "Name": "delete",
    "Type": 1,
    "Attribute": "",
    "Description": "Delete Azure Active Directory user."
  },
  {
    "Name": "get-member-groups",
    "Type": 1,
    "Attribute": "",
    "Description": "Get groups of which the user is a member."
  },
  {
    "Name": "list",
    "Type": 1,
    "Attribute": "",
    "Description": "List Azure Active Directory users."
  },
  {
    "Name": "show",
    "Type": 1,
    "Attribute": "",
    "Description": "Show details for a Azure Active Directory user."
  },
  {
    "Name": "update",
    "Type": 1,
    "Attribute": "",
    "Description": "Update Azure Active Directory users."
  }
]