[
  {
    "Name": "delete",
    "Type": 1,
    "Attribute": "",
    "Description": "Delete a repository or image in an Azure Container Registry."
  },
  {
    "Name": "list",
    "Type": 1,
    "Attribute": "",
    "Description": "List repositories in an Azure Container Registry."
  },
  {
    "Name": "list-deleted",
    "Type": 1,
    "Attribute": "[Preview]",
    "Description": "List soft-deleted repositories in an Azure Container Registry."
  },
  {
    "Name": "show",
    "Type": 1,
    "Attribute": "",
    "Description": "Get the attributes of a repository or image in an Azure Container Registry."
  },
  {
    "Name": "show-tags",
    "Type": 1,
    "Attribute": "",
    "Description": "Show tags for a repository in an Azure Container Registry."
  },
  {
    "Name": "untag",
    "Type": 1,
    "Attribute": "",
    "Description": "Untag an image in an Azure Container Registry."
  },
  {
    "Name": "update",
    "Type": 1,
    "Attribute": "",
    "Description": "Update the attributes of a repository or image in an Azure Container Registry."
  }
]