{
  "Options": [
    {
      "Name": "--name",
      "Alias": null,
      "Short": [
        "-n "
      ],
      "Attribute": "[Required]",
      "Description": "The name of the container registry. It should be specified in lower case. You can configure the default registry name using \u0060az configure --defaults acr=\u003Cregistry name\u003E\u0060.",
      "Arguments": null
    },
    {
      "Name": "--delete-enabled",
      "Alias": null,
      "Short": null,
      "Attribute": "",
      "Description": "Indicates whether delete operation is allowed.  Allowed values: false, true.",
      "Arguments": null
    },
    {
      "Name": "--image",
      "Alias": null,
      "Short": [
        "-t "
      ],
      "Attribute": "",
      "Description": "The name of the image. May include a tag in the format \u0027name:tag\u0027 or digest in the format \u0027name@digest\u0027.",
      "Arguments": null
    },
    {
      "Name": "--list-enabled",
      "Alias": null,
      "Short": null,
      "Attribute": "",
      "Description": "Indicates whether this item shows in list operation results.  Allowed values: false, true.",
      "Arguments": null
    },
    {
      "Name": "--password",
      "Alias": null,
      "Short": [
        "-p "
      ],
      "Attribute": "",
      "Description": "The password used to log into a container registry.",
      "Arguments": null
    },
    {
      "Name": "--read-enabled",
      "Alias": null,
      "Short": null,
      "Attribute": "",
      "Description": "Indicates whether read operation is allowed.  Allowed values: false, true.",
      "Arguments": null
    },
    {
      "Name": "--repository",
      "Alias": null,
      "Short": null,
      "Attribute": "",
      "Description": "The name of the repository.",
      "Arguments": null
    },
    {
      "Name": "--suffix",
      "Alias": null,
      "Short": null,
      "Attribute": "",
      "Description": "The tenant suffix in registry login server. You may specify \u0027--suffix tenant\u0027 if your registry login server is in the format \u0027registry- tenant.azurecr.io\u0027. Applicable if you\u0027re accessing the registry from a different subscription or you have permission to access images but not the permission to manage the registry resource.",
      "Arguments": null
    },
    {
      "Name": "--username",
      "Alias": null,
      "Short": [
        "-u "
      ],
      "Attribute": "",
      "Description": "The username used to log into a container registry.",
      "Arguments": null
    },
    {
      "Name": "--write-enabled",
      "Alias": null,
      "Short": null,
      "Attribute": "",
      "Description": "Indicates whether write or delete operation is allowed.  Allowed values: false, true.",
      "Arguments": null
    },
    {
      "Name": "--debug",
      "Alias": null,
      "Short": null,
      "Attribute": "",
      "Description": "Increase logging verbosity to show all debug logs.",
      "Arguments": null
    },
    {
      "Name": "--help",
      "Alias": null,
      "Short": [
        "-h "
      ],
      "Attribute": "",
      "Description": "Show this help message and exit.",
      "Arguments": null
    },
    {
      "Name": "--only-show-errors",
      "Alias": null,
      "Short": null,
      "Attribute": "",
      "Description": "Only show errors, suppressing warnings.",
      "Arguments": null
    },
    {
      "Name": "--output",
      "Alias": null,
      "Short": [
        "-o "
      ],
      "Attribute": "",
      "Description": "Output format.  Allowed values: json, jsonc, none, table, tsv, yaml, yamlc.  Default: json.",
      "Arguments": [
        "json",
        "jsonc",
        "none",
        "table",
        "tsv",
        "yaml",
        "yamlc"
      ]
    },
    {
      "Name": "--query",
      "Alias": null,
      "Short": null,
      "Attribute": "",
      "Description": "JMESPath query string. See http://jmespath.org/ for more information and examples.",
      "Arguments": null
    },
    {
      "Name": "--subscription",
      "Alias": null,
      "Short": null,
      "Attribute": "",
      "Description": "Name or ID of subscription. You can configure the default subscription using \u0060az account set -s NAME_OR_ID\u0060.",
      "Arguments": null
    },
    {
      "Name": "--verbose",
      "Alias": null,
      "Short": null,
      "Attribute": "",
      "Description": "Increase logging verbosity. Use --debug for full debug logs.",
      "Arguments": null
    }
  ],
  "Examples": null,
  "Name": "update",
  "Description": "Update the attributes of a repository or image in an Azure Container Registry."
}