{
  "Options": [
    {
      "Name": "--location",
      "Alias": null,
      "Short": [
        "-l "
      ],
      "Attribute": "[Required]",
      "Description": "Location. Values from: \u0060az account list-locations\u0060. You can configure the default location using \u0060az configure --defaults location=\u003Clocation\u003E\u0060.",
      "Arguments": [
        "eastus",
        "eastus2",
        "southcentralus",
        "westus2",
        "westus3",
        "australiaeast",
        "southeastasia",
        "northeurope",
        "swedencentral",
        "uksouth",
        "westeurope",
        "centralus",
        "southafricanorth",
        "centralindia",
        "eastasia",
        "japaneast",
        "koreacentral",
        "canadacentral",
        "francecentral",
        "germanywestcentral",
        "italynorth",
        "norwayeast",
        "polandcentral",
        "switzerlandnorth",
        "uaenorth",
        "brazilsouth",
        "centraluseuap",
        "israelcentral",
        "qatarcentral",
        "centralusstage",
        "eastusstage",
        "eastus2stage",
        "northcentralusstage",
        "southcentralusstage",
        "westusstage",
        "westus2stage",
        "asia",
        "asiapacific",
        "australia",
        "brazil",
        "canada",
        "europe",
        "france",
        "germany",
        "global",
        "india",
        "japan",
        "korea",
        "norway",
        "singapore",
        "southafrica",
        "sweden",
        "switzerland",
        "uae",
        "uk",
        "unitedstates",
        "unitedstateseuap",
        "eastasiastage",
        "southeastasiastage",
        "brazilus",
        "eastusstg",
        "northcentralus",
        "westus",
        "japanwest",
        "jioindiawest",
        "eastus2euap",
        "westcentralus",
        "southafricawest",
        "australiacentral",
        "australiacentral2",
        "australiasoutheast",
        "jioindiacentral",
        "koreasouth",
        "southindia",
        "westindia",
        "canadaeast",
        "francesouth",
        "germanynorth",
        "norwaywest",
        "switzerlandwest",
        "ukwest",
        "uaecentral",
        "brazilsoutheast"
      ]
    },
    {
      "Name": "--debug",
      "Alias": null,
      "Short": null,
      "Attribute": "",
      "Description": "Increase logging verbosity to show all debug logs.",
      "Arguments": null
    },
    {
      "Name": "--help",
      "Alias": null,
      "Short": [
        "-h "
      ],
      "Attribute": "",
      "Description": "Show this help message and exit.",
      "Arguments": null
    },
    {
      "Name": "--only-show-errors",
      "Alias": null,
      "Short": null,
      "Attribute": "",
      "Description": "Only show errors, suppressing warnings.",
      "Arguments": null
    },
    {
      "Name": "--output",
      "Alias": null,
      "Short": [
        "-o "
      ],
      "Attribute": "",
      "Description": "Output format.  Allowed values: json, jsonc, none, table, tsv, yaml, yamlc.  Default: json.",
      "Arguments": [
        "json",
        "jsonc",
        "none",
        "table",
        "tsv",
        "yaml",
        "yamlc"
      ]
    },
    {
      "Name": "--query",
      "Alias": null,
      "Short": null,
      "Attribute": "",
      "Description": "JMESPath query string. See http://jmespath.org/ for more information and examples.",
      "Arguments": null
    },
    {
      "Name": "--subscription",
      "Alias": null,
      "Short": null,
      "Attribute": "",
      "Description": "Name or ID of subscription. You can configure the default subscription using \u0060az account set -s NAME_OR_ID\u0060.",
      "Arguments": null
    },
    {
      "Name": "--verbose",
      "Alias": null,
      "Short": null,
      "Attribute": "",
      "Description": "Increase logging verbosity. Use --debug for full debug logs.",
      "Arguments": null
    }
  ],
  "Examples": null,
  "Name": "list",
  "Description": "List trusted access roles."
}