[
  {
    "Name": "encryption",
    "Type": 0,
    "Attribute": "",
    "Description": "Manage encryption for an Azure Media Services account."
  },
  {
    "Name": "identity",
    "Type": 0,
    "Attribute": "",
    "Description": "Manage managed identity settings for an Azure Media Services account."
  },
  {
    "Name": "mru",
    "Type": 0,
    "Attribute": "",
    "Description": "Manage media reserved units for an Azure Media Services account. This doesn\u0027t work with accounts created with 2020-05-01 version of the Media Services API or later. Accounts created this way no longer need to set media reserved units as the system will automaticaly scale up and down based on load."
  },
  {
    "Name": "sp",
    "Type": 0,
    "Attribute": "",
    "Description": "Manage service principal and role based access for an Azure Media Services account."
  },
  {
    "Name": "storage",
    "Type": 0,
    "Attribute": "",
    "Description": "Manage storage for an Azure Media Services account."
  },
  {
    "Name": "check-name",
    "Type": 1,
    "Attribute": "",
    "Description": "Checks whether the Media Service resource name is available."
  },
  {
    "Name": "create",
    "Type": 1,
    "Attribute": "",
    "Description": "Create an Azure Media Services account."
  },
  {
    "Name": "delete",
    "Type": 1,
    "Attribute": "",
    "Description": "Delete an Azure Media Services account."
  },
  {
    "Name": "list",
    "Type": 1,
    "Attribute": "",
    "Description": "List Azure Media Services accounts for the entire subscription."
  },
  {
    "Name": "show",
    "Type": 1,
    "Attribute": "",
    "Description": "Show the details of an Azure Media Services account."
  },
  {
    "Name": "update",
    "Type": 1,
    "Attribute": "",
    "Description": "Update the details of an Azure Media Services account."
  }
]