{
  "Options": [
    {
      "Name": "--name",
      "Alias": null,
      "Short": [
        "-n "
      ],
      "Attribute": "[Required]",
      "Description": "The name of the resource.",
      "Arguments": null
    },
    {
      "Name": "--resource-group",
      "Alias": null,
      "Short": [
        "-g "
      ],
      "Attribute": "[Required]",
      "Description": "Name of resource group. You can configure the default group using \u0060az configure --defaults group=\u003Cname\u003E\u0060.",
      "Arguments": null
    },
    {
      "Name": "--storage-account",
      "Alias": null,
      "Short": null,
      "Attribute": "[Required]",
      "Description": "The name or resource ID of the primary storage account to attach to the Azure Media Services account. The storage account MUST be in the same Azure subscription as the Media Services account. It is strongly recommended that the storage account be in the same resource group as the Media Services account. Blob only accounts are not allowed as primary.",
      "Arguments": null
    },
    {
      "Name": "--disable-public-network",
      "Alias": null,
      "Short": null,
      "Attribute": "",
      "Description": "Set this flag to disable public network access for resources under the Media Services account. If not set public network access will be enabled.",
      "Arguments": null
    },
    {
      "Name": "--location",
      "Alias": null,
      "Short": [
        "-l "
      ],
      "Attribute": "",
      "Description": "Location. Values from: \u0060az account list-locations\u0060. You can configure the default location using \u0060az configure --defaults location=\u003Clocation\u003E\u0060.",
      "Arguments": [
        "eastus",
        "eastus2",
        "southcentralus",
        "westus2",
        "westus3",
        "australiaeast",
        "southeastasia",
        "northeurope",
        "swedencentral",
        "uksouth",
        "westeurope",
        "centralus",
        "southafricanorth",
        "centralindia",
        "eastasia",
        "japaneast",
        "koreacentral",
        "canadacentral",
        "francecentral",
        "germanywestcentral",
        "italynorth",
        "norwayeast",
        "polandcentral",
        "switzerlandnorth",
        "uaenorth",
        "brazilsouth",
        "centraluseuap",
        "israelcentral",
        "qatarcentral",
        "centralusstage",
        "eastusstage",
        "eastus2stage",
        "northcentralusstage",
        "southcentralusstage",
        "westusstage",
        "westus2stage",
        "asia",
        "asiapacific",
        "australia",
        "brazil",
        "canada",
        "europe",
        "france",
        "germany",
        "global",
        "india",
        "japan",
        "korea",
        "norway",
        "singapore",
        "southafrica",
        "sweden",
        "switzerland",
        "uae",
        "uk",
        "unitedstates",
        "unitedstateseuap",
        "eastasiastage",
        "southeastasiastage",
        "brazilus",
        "eastusstg",
        "northcentralus",
        "westus",
        "japanwest",
        "jioindiawest",
        "eastus2euap",
        "westcentralus",
        "southafricawest",
        "australiacentral",
        "australiacentral2",
        "australiasoutheast",
        "jioindiacentral",
        "koreasouth",
        "southindia",
        "westindia",
        "canadaeast",
        "francesouth",
        "germanynorth",
        "norwaywest",
        "switzerlandwest",
        "ukwest",
        "uaecentral",
        "brazilsoutheast"
      ]
    },
    {
      "Name": "--tags",
      "Alias": null,
      "Short": null,
      "Attribute": "",
      "Description": "Space-separated tags: key[=value] [key[=value] ...]. Use \u0022\u0022 to clear existing tags.",
      "Arguments": null
    },
    {
      "Name": "--mi-system-assigned",
      "Alias": null,
      "Short": null,
      "Attribute": "",
      "Description": "Set the system managed identity on the media services account. Allowed values: false, true.",
      "Arguments": null
    },
    {
      "Name": "--mi-user-assigned",
      "Alias": null,
      "Short": null,
      "Attribute": "",
      "Description": "Set the user managed identities on the media services account.",
      "Arguments": null
    },
    {
      "Name": "--default-action",
      "Alias": null,
      "Short": null,
      "Attribute": "",
      "Description": "The behavior for IP access control in Key Delivery. Allowed values: Allow,Deny.",
      "Arguments": [
        "Allow",
        "Deny"
      ]
    },
    {
      "Name": "--ip-allow-list",
      "Alias": null,
      "Short": null,
      "Attribute": "",
      "Description": "The IP allow list for access control in Key Delivery. If the default action is set to Allow, the IP allow list must be empty.",
      "Arguments": null
    },
    {
      "Name": "--debug",
      "Alias": null,
      "Short": null,
      "Attribute": "",
      "Description": "Increase logging verbosity to show all debug logs.",
      "Arguments": null
    },
    {
      "Name": "--help",
      "Alias": null,
      "Short": [
        "-h "
      ],
      "Attribute": "",
      "Description": "Show this help message and exit.",
      "Arguments": null
    },
    {
      "Name": "--only-show-errors",
      "Alias": null,
      "Short": null,
      "Attribute": "",
      "Description": "Only show errors, suppressing warnings.",
      "Arguments": null
    },
    {
      "Name": "--output",
      "Alias": null,
      "Short": [
        "-o "
      ],
      "Attribute": "",
      "Description": "Output format.  Allowed values: json, jsonc, none, table, tsv, yaml, yamlc.  Default: json.",
      "Arguments": [
        "json",
        "jsonc",
        "none",
        "table",
        "tsv",
        "yaml",
        "yamlc"
      ]
    },
    {
      "Name": "--query",
      "Alias": null,
      "Short": null,
      "Attribute": "",
      "Description": "JMESPath query string. See http://jmespath.org/ for more information and examples.",
      "Arguments": null
    },
    {
      "Name": "--subscription",
      "Alias": null,
      "Short": null,
      "Attribute": "",
      "Description": "Name or ID of subscription. You can configure the default subscription using \u0060az account set -s NAME_OR_ID\u0060.",
      "Arguments": null
    },
    {
      "Name": "--verbose",
      "Alias": null,
      "Short": null,
      "Attribute": "",
      "Description": "Increase logging verbosity. Use --debug for full debug logs.",
      "Arguments": null
    }
  ],
  "Examples": null,
  "Name": "create",
  "Description": "Create an Azure Media Services account."
}