[
  {
    "Name": "create",
    "Type": 1,
    "Attribute": "",
    "Description": "Create a credential set."
  },
  {
    "Name": "delete",
    "Type": 1,
    "Attribute": "",
    "Description": "Delete a credential set."
  },
  {
    "Name": "list",
    "Type": 1,
    "Attribute": "",
    "Description": "List the credential sets in an Azure Container Registry."
  },
  {
    "Name": "show",
    "Type": 1,
    "Attribute": "",
    "Description": "Show a credential set."
  },
  {
    "Name": "update",
    "Type": 1,
    "Attribute": "",
    "Description": "Update the username or password Azure Key Vault secret ID on a credential set."
  }
]