[
  {
    "Name": "add",
    "Type": 1,
    "Attribute": "",
    "Description": "Add a custom registry login credential to the task."
  },
  {
    "Name": "list",
    "Type": 1,
    "Attribute": "",
    "Description": "List all the custom registry credentials for task."
  },
  {
    "Name": "remove",
    "Type": 1,
    "Attribute": "",
    "Description": "Remove credential for a task."
  },
  {
    "Name": "update",
    "Type": 1,
    "Attribute": "",
    "Description": "Update the registry login credential for a task."
  }
]