{
  "Options": [
    {
      "Name": "--key-type",
      "Alias": null,
      "Short": null,
      "Attribute": "[Required]",
      "Description": "SystemKeyThe encryption key source (provider). Allowed values: , .CustomerKey.",
      "Arguments": [
        "",
        ".CustomerKey"
      ]
    },
    {
      "Name": "--current-key-id",
      "Alias": null,
      "Short": null,
      "Attribute": "",
      "Description": "The current key used to encrypt the Media Services account, including the key version.",
      "Arguments": null
    },
    {
      "Name": "--key-identifier",
      "Alias": null,
      "Short": null,
      "Attribute": "",
      "Description": "The URL of the Key Vault key used to encrypt the account. The key may either be versioned (for example https://vault/keys/mykey/version1) or reference a key without a version (for example https://vault/keys/mykey).",
      "Arguments": null
    },
    {
      "Name": "--system-assigned",
      "Alias": null,
      "Short": null,
      "Attribute": "",
      "Description": "Set the system managed identity for account encryption.  Allowed values: false, true.",
      "Arguments": null
    },
    {
      "Name": "--user-assigned",
      "Alias": null,
      "Short": null,
      "Attribute": "",
      "Description": "Set the user managed identity for account encryption.",
      "Arguments": null
    },
    {
      "Name": "--account-name",
      "Alias": null,
      "Short": [
        "-a "
      ],
      "Attribute": "",
      "Description": "The name of the Azure Media Services account.",
      "Arguments": null
    },
    {
      "Name": "--ids",
      "Alias": null,
      "Short": null,
      "Attribute": "",
      "Description": "One or more resource IDs (space-delimited). It should be a complete resource ID containing all information of \u0027Resource Id\u0027 arguments. You should provide either --ids or other \u0027Resource Id\u0027 arguments.",
      "Arguments": null
    },
    {
      "Name": "--resource-group",
      "Alias": null,
      "Short": [
        "-g "
      ],
      "Attribute": "",
      "Description": "Name of resource group. You can configure the default group using \u0060az configure --defaults group=\u003Cname\u003E\u0060.",
      "Arguments": null
    },
    {
      "Name": "--subscription",
      "Alias": null,
      "Short": null,
      "Attribute": "",
      "Description": "Name or ID of subscription. You can configure the default subscription using \u0060az account set -s NAME_OR_ID\u0060.",
      "Arguments": null
    },
    {
      "Name": "--debug",
      "Alias": null,
      "Short": null,
      "Attribute": "",
      "Description": "Increase logging verbosity to show all debug logs.",
      "Arguments": null
    },
    {
      "Name": "--help",
      "Alias": null,
      "Short": [
        "-h "
      ],
      "Attribute": "",
      "Description": "Show this help message and exit.",
      "Arguments": null
    },
    {
      "Name": "--only-show-errors",
      "Alias": null,
      "Short": null,
      "Attribute": "",
      "Description": "Only show errors, suppressing warnings.",
      "Arguments": null
    },
    {
      "Name": "--output",
      "Alias": null,
      "Short": [
        "-o "
      ],
      "Attribute": "",
      "Description": "Output format.  Allowed values: json, jsonc, none, table, tsv, yaml, yamlc.  Default: json.",
      "Arguments": [
        "json",
        "jsonc",
        "none",
        "table",
        "tsv",
        "yaml",
        "yamlc"
      ]
    },
    {
      "Name": "--query",
      "Alias": null,
      "Short": null,
      "Attribute": "",
      "Description": "JMESPath query string. See http://jmespath.org/ for more information and examples.",
      "Arguments": null
    },
    {
      "Name": "--verbose",
      "Alias": null,
      "Short": null,
      "Attribute": "",
      "Description": "Increase logging verbosity. Use --debug for full debug logs.",
      "Arguments": null
    }
  ],
  "Examples": null,
  "Name": "set",
  "Description": "Set the encryption settings for an Azure Media Services account."
}