[
  {
    "Name": "create",
    "Type": 1,
    "Attribute": "",
    "Description": "Create a new trusted access role binding."
  },
  {
    "Name": "delete",
    "Type": 1,
    "Attribute": "",
    "Description": "Delete a trusted access role binding according to name."
  },
  {
    "Name": "list",
    "Type": 1,
    "Attribute": "",
    "Description": "List all the trusted access role bindings."
  },
  {
    "Name": "show",
    "Type": 1,
    "Attribute": "",
    "Description": "Get the specific trusted access role binding according to binding name."
  },
  {
    "Name": "update",
    "Type": 1,
    "Attribute": "",
    "Description": "Update a trusted access role binding."
  }
]