[
  {
    "Name": "command",
    "Type": 0,
    "Attribute": "",
    "Description": "See detail usage in \u0027az aks command invoke\u0027, \u0027az aks command result\u0027."
  },
  {
    "Name": "maintenanceconfiguration",
    "Type": 0,
    "Attribute": "",
    "Description": "Commands to manage maintenance configurations in managed Kubernetes cluster."
  },
  {
    "Name": "nodepool",
    "Type": 0,
    "Attribute": "",
    "Description": "Commands to manage node pools in Kubernetes kubernetes cluster."
  },
  {
    "Name": "oidc-issuer",
    "Type": 0,
    "Attribute": "",
    "Description": "Oidc issuer related commands."
  },
  {
    "Name": "trustedaccess",
    "Type": 0,
    "Attribute": "",
    "Description": "Commands to manage trusted access security features."
  },
  {
    "Name": "browse",
    "Type": 1,
    "Attribute": "",
    "Description": "Show the dashboard for a Kubernetes cluster in a web browser."
  },
  {
    "Name": "check-acr",
    "Type": 1,
    "Attribute": "",
    "Description": "Validate an ACR is accessible from an AKS cluster."
  },
  {
    "Name": "create",
    "Type": 1,
    "Attribute": "",
    "Description": "Create a new managed Kubernetes cluster."
  },
  {
    "Name": "delete",
    "Type": 1,
    "Attribute": "",
    "Description": "Delete a managed Kubernetes cluster."
  },
  {
    "Name": "disable-addons",
    "Type": 1,
    "Attribute": "",
    "Description": "Disable Kubernetes addons."
  },
  {
    "Name": "enable-addons",
    "Type": 1,
    "Attribute": "",
    "Description": "Enable Kubernetes addons."
  },
  {
    "Name": "get-credentials",
    "Type": 1,
    "Attribute": "",
    "Description": "Get access credentials for a managed Kubernetes cluster."
  },
  {
    "Name": "get-upgrades",
    "Type": 1,
    "Attribute": "",
    "Description": "Get the upgrade versions available for a managed Kubernetes cluster."
  },
  {
    "Name": "get-versions",
    "Type": 1,
    "Attribute": "",
    "Description": "Get the versions available for creating a managed Kubernetes cluster."
  },
  {
    "Name": "install-cli",
    "Type": 1,
    "Attribute": "",
    "Description": "Download and install kubectl, the Kubernetes command-line tool. Download and install kubelogin, a client-go credential (exec) plugin implementing azure authentication."
  },
  {
    "Name": "list",
    "Type": 1,
    "Attribute": "",
    "Description": "List managed Kubernetes clusters."
  },
  {
    "Name": "operation-abort",
    "Type": 1,
    "Attribute": "",
    "Description": "Abort last running operation on managed cluster."
  },
  {
    "Name": "rotate-certs",
    "Type": 1,
    "Attribute": "",
    "Description": "Rotate certificates and keys on a managed Kubernetes cluster."
  },
  {
    "Name": "scale",
    "Type": 1,
    "Attribute": "",
    "Description": "Scale the node pool in a managed Kubernetes cluster."
  },
  {
    "Name": "show",
    "Type": 1,
    "Attribute": "",
    "Description": "Show the details for a managed Kubernetes cluster."
  },
  {
    "Name": "start",
    "Type": 1,
    "Attribute": "",
    "Description": "Starts a previously stopped Managed Cluster."
  },
  {
    "Name": "stop",
    "Type": 1,
    "Attribute": "",
    "Description": "Stop a managed cluster."
  },
  {
    "Name": "update",
    "Type": 1,
    "Attribute": "",
    "Description": "Update a managed Kubernetes cluster. When called with no optional arguments this attempts to move the cluster to its goal state without changing the current cluster configuration. This can be used to move out of a non succeeded state."
  },
  {
    "Name": "update-credentials",
    "Type": 1,
    "Attribute": "",
    "Description": "Update credentials for a managed Kubernetes cluster, like service principal."
  },
  {
    "Name": "upgrade",
    "Type": 1,
    "Attribute": "",
    "Description": "Upgrade a managed Kubernetes cluster to a newer version."
  },
  {
    "Name": "wait",
    "Type": 1,
    "Attribute": "",
    "Description": "Wait for a managed Kubernetes cluster to reach a desired state."
  }
]