{
  "Options": [
    {
      "Name": "--name",
      "Alias": null,
      "Short": [
        "-n "
      ],
      "Attribute": "[Required]",
      "Description": "Name of the managed cluster.",
      "Arguments": null
    },
    {
      "Name": "--resource-group",
      "Alias": null,
      "Short": [
        "-g "
      ],
      "Attribute": "[Required]",
      "Description": "Name of resource group. You can configure the default group using \u0060az configure --defaults group=\u003Cname\u003E\u0060.",
      "Arguments": null
    },
    {
      "Name": "--aad-admin-group-object-ids",
      "Alias": null,
      "Short": null,
      "Attribute": "",
      "Description": "Comma seperated list of aad group object IDs that will be set as cluster admin.",
      "Arguments": null
    },
    {
      "Name": "--aad-tenant-id",
      "Alias": null,
      "Short": null,
      "Attribute": "",
      "Description": "The ID of an Azure Active Directory tenant.",
      "Arguments": null
    },
    {
      "Name": "--aci-subnet-name",
      "Alias": null,
      "Short": null,
      "Attribute": "",
      "Description": "The name of a subnet in an existing VNet into which to deploy the virtual nodes.",
      "Arguments": null
    },
    {
      "Name": "--admin-username",
      "Alias": null,
      "Short": [
        "-u "
      ],
      "Attribute": "",
      "Description": "User account to create on node VMs for SSH access.  Default: azureuser.",
      "Arguments": null
    },
    {
      "Name": "--aks-custom-headers",
      "Alias": null,
      "Short": null,
      "Attribute": "",
      "Description": "Comma-separated key-value pairs to specify custom headers.",
      "Arguments": null
    },
    {
      "Name": "--api-server-authorized-ip-ranges",
      "Alias": null,
      "Short": null,
      "Attribute": "",
      "Description": "Comma seperated list of authorized apiserver IP ranges. Set to 0.0.0.0/32 to restrict apiserver traffic to node pools.",
      "Arguments": null
    },
    {
      "Name": "--assign-identity",
      "Alias": null,
      "Short": null,
      "Attribute": "",
      "Description": "Specify an existing user assigned identity for control plane\u0027s usage in order to manage cluster resource group.",
      "Arguments": null
    },
    {
      "Name": "--assign-kubelet-identity",
      "Alias": null,
      "Short": null,
      "Attribute": "",
      "Description": "Specify an existing user assigned identity for kubelet\u0027s usage, which is typically used to pull image from ACR.",
      "Arguments": null
    },
    {
      "Name": "--attach-acr",
      "Alias": null,
      "Short": null,
      "Attribute": "",
      "Description": "Grant the \u0027acrpull\u0027 role assignment to the ACR specified by name or resource ID.",
      "Arguments": null
    },
    {
      "Name": "--auto-upgrade-channel",
      "Alias": null,
      "Short": null,
      "Attribute": "",
      "Description": "Specify the upgrade channel for autoupgrade. Allowed values: node-image, none, patch, rapid, stable.",
      "Arguments": [
        "node-image",
        "none",
        "patch",
        "rapid",
        "stable"
      ]
    },
    {
      "Name": "--azure-keyvault-kms-key-id",
      "Alias": null,
      "Short": null,
      "Attribute": "",
      "Description": "Identifier of Azure Key Vault key.",
      "Arguments": null
    },
    {
      "Name": "--azure-keyvault-kms-key-vault-network-access",
      "Alias": null,
      "Short": null,
      "Attribute": "",
      "Description": "Network Access of Azure Key Vault.  Allowed values: Private, Public.",
      "Arguments": [
        "Private",
        "Public"
      ]
    },
    {
      "Name": "--azure-keyvault-kms-key-vault-resource-id",
      "Alias": null,
      "Short": null,
      "Attribute": "",
      "Description": "Resource ID of Azure Key Vault.",
      "Arguments": null
    },
    {
      "Name": "--azure-monitor-workspace-resource-id",
      "Alias": null,
      "Short": null,
      "Attribute": "",
      "Description": "Resource ID of the Azure Monitor Workspace.",
      "Arguments": null
    },
    {
      "Name": "--ca-profile",
      "Alias": [
        "--cluster-autoscaler-profile "
      ],
      "Short": null,
      "Attribute": "",
      "Description": "Comma-separated list of key=value pairs for configuring cluster autoscaler. Pass an empty string to clear the profile.",
      "Arguments": null
    },
    {
      "Name": "--client-secret",
      "Alias": null,
      "Short": null,
      "Attribute": "",
      "Description": "Secret associated with the service principal. This argument is required if \u0060--service- principal\u0060 is specified.",
      "Arguments": null
    },
    {
      "Name": "--crg-id",
      "Alias": null,
      "Short": null,
      "Attribute": "",
      "Description": "The crg id used to associate the new cluster with the existed Capacity Reservation Group resource.",
      "Arguments": null
    },
    {
      "Name": "--data-collection-settings",
      "Alias": null,
      "Short": null,
      "Attribute": "[Preview]",
      "Description": "Path to JSON file containing data collection settings for Monitoring addon.",
      "Arguments": null
    },
    {
      "Name": "--defender-config",
      "Alias": null,
      "Short": null,
      "Attribute": "",
      "Description": "Path to JSON file containing Microsoft Defender profile configurations.",
      "Arguments": null
    },
    {
      "Name": "--disable-disk-driver",
      "Alias": null,
      "Short": null,
      "Attribute": "",
      "Description": "Disable AzureDisk CSI Driver.",
      "Arguments": null
    },
    {
      "Name": "--disable-file-driver",
      "Alias": null,
      "Short": null,
      "Attribute": "",
      "Description": "Disable AzureFile CSI Driver.",
      "Arguments": null
    },
    {
      "Name": "--disable-local-accounts",
      "Alias": null,
      "Short": null,
      "Attribute": "",
      "Description": "If set to true, getting static credential will be disabled for this cluster.",
      "Arguments": null
    },
    {
      "Name": "--disable-public-fqdn",
      "Alias": null,
      "Short": null,
      "Attribute": "",
      "Description": "Disable public fqdn feature for private cluster.",
      "Arguments": null
    },
    {
      "Name": "--disable-rbac",
      "Alias": null,
      "Short": null,
      "Attribute": "",
      "Description": "Disable Kubernetes Role-Based Access Control.",
      "Arguments": null
    },
    {
      "Name": "--disable-snapshot-controller",
      "Alias": null,
      "Short": null,
      "Attribute": "",
      "Description": "Disable CSI Snapshot Controller.",
      "Arguments": null
    },
    {
      "Name": "--dns-name-prefix",
      "Alias": null,
      "Short": [
        "-p "
      ],
      "Attribute": "",
      "Description": "Prefix for hostnames that are created. If not specified, generate a hostname using the managed cluster and resource group names.",
      "Arguments": null
    },
    {
      "Name": "--dns-service-ip",
      "Alias": null,
      "Short": null,
      "Attribute": "",
      "Description": "An IP address assigned to the Kubernetes DNS service.",
      "Arguments": null
    },
    {
      "Name": "--edge-zone",
      "Alias": null,
      "Short": null,
      "Attribute": "",
      "Description": "The name of the Edge Zone.",
      "Arguments": null
    },
    {
      "Name": "--enable-aad",
      "Alias": null,
      "Short": null,
      "Attribute": "",
      "Description": "Enable managed AAD feature for cluster.",
      "Arguments": null
    },
    {
      "Name": "--enable-addons",
      "Alias": null,
      "Short": [
        "-a "
      ],
      "Attribute": "",
      "Description": "Enable the Kubernetes addons in a comma- separated list.",
      "Arguments": null
    },
    {
      "Name": "--enable-ahub",
      "Alias": null,
      "Short": null,
      "Attribute": "",
      "Description": "Enable Azure Hybrid User Benefits (AHUB) for Windows VMs.",
      "Arguments": null
    },
    {
      "Name": "--enable-azure-keyvault-kms",
      "Alias": null,
      "Short": null,
      "Attribute": "",
      "Description": "Enable Azure KeyVault Key Management Service.",
      "Arguments": null
    },
    {
      "Name": "--enable-azure-monitor-metrics",
      "Alias": null,
      "Short": null,
      "Attribute": "",
      "Description": "Enable a kubernetes cluster with the Azure Monitor managed service for Prometheus integration.",
      "Arguments": null
    },
    {
      "Name": "--enable-azure-rbac",
      "Alias": null,
      "Short": null,
      "Attribute": "",
      "Description": "Enable Azure RBAC to control authorization checks on cluster.",
      "Arguments": null
    },
    {
      "Name": "--enable-blob-driver",
      "Alias": null,
      "Short": null,
      "Attribute": "",
      "Description": "Enable AzureBlob CSI Driver.",
      "Arguments": null
    },
    {
      "Name": "--enable-cluster-autoscaler",
      "Alias": null,
      "Short": null,
      "Attribute": "",
      "Description": "Enable cluster autoscaler, default value is false.",
      "Arguments": null
    },
    {
      "Name": "--enable-defender",
      "Alias": null,
      "Short": null,
      "Attribute": "",
      "Description": "Enable Microsoft Defender security profile.",
      "Arguments": null
    },
    {
      "Name": "--enable-encryption-at-host",
      "Alias": null,
      "Short": null,
      "Attribute": "",
      "Description": "Enable EncryptionAtHost, default value is false.",
      "Arguments": null
    },
    {
      "Name": "--enable-fips-image",
      "Alias": null,
      "Short": null,
      "Attribute": "",
      "Description": "Use FIPS-enabled OS on agent nodes.",
      "Arguments": null
    },
    {
      "Name": "--enable-image-cleaner",
      "Alias": null,
      "Short": null,
      "Attribute": "",
      "Description": "Enable ImageCleaner Service.",
      "Arguments": null
    },
    {
      "Name": "--enable-keda",
      "Alias": null,
      "Short": null,
      "Attribute": "",
      "Description": "Enable KEDA workload auto-scaler.",
      "Arguments": null
    },
    {
      "Name": "--enable-managed-identity",
      "Alias": null,
      "Short": null,
      "Attribute": "",
      "Description": "Using a system assigned managed identity to manage cluster resource group.  Default: True.",
      "Arguments": null
    },
    {
      "Name": "--enable-msi-auth-for-monitoring",
      "Alias": null,
      "Short": null,
      "Attribute": "[Preview]",
      "Description": "Enable Managed Identity Auth for Monitoring addon.  Allowed values: false, true.  Default: True.",
      "Arguments": null
    },
    {
      "Name": "--enable-node-public-ip",
      "Alias": null,
      "Short": null,
      "Attribute": "",
      "Description": "Enable VMSS node public IP.",
      "Arguments": null
    },
    {
      "Name": "--enable-oidc-issuer",
      "Alias": null,
      "Short": null,
      "Attribute": "",
      "Description": "Enable OIDC issuer.",
      "Arguments": null
    },
    {
      "Name": "--enable-private-cluster",
      "Alias": null,
      "Short": null,
      "Attribute": "",
      "Description": "Enable private cluster.",
      "Arguments": null
    },
    {
      "Name": "--enable-secret-rotation",
      "Alias": null,
      "Short": null,
      "Attribute": "",
      "Description": "Enable secret rotation. Use with azure-keyvault- secrets-provider addon.",
      "Arguments": null
    },
    {
      "Name": "--enable-sgxquotehelper",
      "Alias": null,
      "Short": null,
      "Attribute": "",
      "Description": "Enable SGX quote helper for confcom addon.",
      "Arguments": null
    },
    {
      "Name": "--enable-syslog",
      "Alias": null,
      "Short": null,
      "Attribute": "[Preview]",
      "Description": "Enable syslog data collection for Monitoring addon.  Allowed values: false, true.",
      "Arguments": null
    },
    {
      "Name": "--enable-ultra-ssd",
      "Alias": null,
      "Short": null,
      "Attribute": "",
      "Description": "Enable UltraSSD, default value is false.",
      "Arguments": null
    },
    {
      "Name": "--enable-vpa",
      "Alias": null,
      "Short": null,
      "Attribute": "",
      "Description": "Enable vertical pod autoscaler for cluster.",
      "Arguments": null
    },
    {
      "Name": "--enable-windows-gmsa",
      "Alias": null,
      "Short": null,
      "Attribute": "",
      "Description": "Enable Windows gmsa.",
      "Arguments": null
    },
    {
      "Name": "--enable-windows-recording-rules",
      "Alias": null,
      "Short": null,
      "Attribute": "",
      "Description": "Enable Windows Recording Rules when enabling the Azure Monitor Metrics addon.",
      "Arguments": null
    },
    {
      "Name": "--enable-workload-identity",
      "Alias": null,
      "Short": null,
      "Attribute": "",
      "Description": "Enable workload identity addon.",
      "Arguments": null
    },
    {
      "Name": "--fqdn-subdomain",
      "Alias": null,
      "Short": null,
      "Attribute": "",
      "Description": "Prefix for FQDN that is created for private cluster with custom private dns zone scenario.",
      "Arguments": null
    },
    {
      "Name": "--generate-ssh-keys",
      "Alias": null,
      "Short": null,
      "Attribute": "",
      "Description": "Generate SSH public and private key files if missing. The keys will be stored in the ~/.ssh directory.",
      "Arguments": null
    },
    {
      "Name": "--gmsa-dns-server",
      "Alias": null,
      "Short": null,
      "Attribute": "",
      "Description": "Specify DNS server for Windows gmsa for this cluster.",
      "Arguments": null
    },
    {
      "Name": "--gmsa-root-domain-name",
      "Alias": null,
      "Short": null,
      "Attribute": "",
      "Description": "Specify root domain name for Windows gmsa for this cluster.",
      "Arguments": null
    },
    {
      "Name": "--gpu-instance-profile",
      "Alias": null,
      "Short": null,
      "Attribute": "",
      "Description": "GPU instance profile to partition multi-gpu Nvidia GPUs.  Allowed values: MIG1g, MIG2g, MIG3g, MIG4g, MIG7g.",
      "Arguments": [
        "MIG1g",
        "MIG2g",
        "MIG3g",
        "MIG4g",
        "MIG7g"
      ]
    },
    {
      "Name": "--grafana-resource-id",
      "Alias": null,
      "Short": null,
      "Attribute": "",
      "Description": "Resource ID of the Azure Managed Grafana Workspace.",
      "Arguments": null
    },
    {
      "Name": "--host-group-id",
      "Alias": null,
      "Short": null,
      "Attribute": "",
      "Description": "The fully qualified dedicated host group id used to provision agent node pool.",
      "Arguments": null
    },
    {
      "Name": "--http-proxy-config",
      "Alias": null,
      "Short": null,
      "Attribute": "",
      "Description": "HTTP Proxy configuration for this cluster.",
      "Arguments": null
    },
    {
      "Name": "--image-cleaner-interval-hours",
      "Alias": null,
      "Short": null,
      "Attribute": "",
      "Description": "ImageCleaner scanning interval.",
      "Arguments": null
    },
    {
      "Name": "--ip-families",
      "Alias": null,
      "Short": null,
      "Attribute": "",
      "Description": "A comma separated list of IP versions to use for cluster networking.",
      "Arguments": null
    },
    {
      "Name": "--k8s-support-plan",
      "Alias": null,
      "Short": null,
      "Attribute": "",
      "Description": "Choose from \u0022KubernetesOfficial\u0022 or \u0022AKSLongTermSupport\u0022, with \u0022AKSLongTermSupport\u0022 you get 1 extra year of CVE patchs.  Allowed values: AKSLongTermSupport, KubernetesOfficial.",
      "Arguments": [
        "AKSLongTermSupport",
        "KubernetesOfficial"
      ]
    },
    {
      "Name": "--ksm-metric-annotations-allow-list",
      "Alias": null,
      "Short": null,
      "Attribute": "",
      "Description": "Comma-separated list of additional Kubernetes label keys that will be used in the resource\u0027 labels metric. By default the metric contains only name and namespace labels. To include additional labels provide a list of resource names in their plural form and Kubernetes label keys you would like to allow for them (e.g.\u0027=nam espaces=[k8s-label-1,k8s-label- n,...],pods=[app],...)\u0027. A single \u0027*\u0027 can be provided per resource instead to allow any labels, but that has severe performance implications (e.g. \u0027=pods=[*]\u0027).",
      "Arguments": null
    },
    {
      "Name": "--ksm-metric-labels-allow-list",
      "Alias": null,
      "Short": null,
      "Attribute": "",
      "Description": "Comma-separated list of additional Kubernetes label keys that will be used in the resource\u0027 labels metric. By default the metric contains only name and namespace labels. To include additional labels provide a list of resource names in their plural form and Kubernetes label keys you would like to allow for them (e.g. \u0027=na mespaces=[k8s-label-1,k8s-label- n,...],pods=[app],...)\u0027. A single \u0027*\u0027 can be provided per resource instead to allow any labels, but that has severe performance implications (e.g. \u0027=pods=[*]\u0027).",
      "Arguments": null
    },
    {
      "Name": "--kubelet-config",
      "Alias": null,
      "Short": null,
      "Attribute": "",
      "Description": "Path to JSON file containing Kubelet configurations for agent nodes. https://aka.ms/aks/custom-node-config.",
      "Arguments": null
    },
    {
      "Name": "--kubernetes-version",
      "Alias": null,
      "Short": [
        "-k "
      ],
      "Attribute": "",
      "Description": "Version of Kubernetes to use for creating the cluster, such as \u00221.16.9\u0022.  Values from: \u0060az aks get-versions\u0060.",
      "Arguments": null
    },
    {
      "Name": "--linux-os-config",
      "Alias": null,
      "Short": null,
      "Attribute": "",
      "Description": "Path to JSON file containing OS configurations for Linux agent nodes. https://aka.ms/aks/custom-node-config.",
      "Arguments": null
    },
    {
      "Name": "--load-balancer-backend-pool-type",
      "Alias": null,
      "Short": null,
      "Attribute": "",
      "Description": "Load balancer backend pool type.  Allowed values: nodeIP, nodeIPConfiguration.",
      "Arguments": [
        "nodeIP",
        "nodeIPConfiguration"
      ]
    },
    {
      "Name": "--load-balancer-idle-timeout",
      "Alias": null,
      "Short": null,
      "Attribute": "",
      "Description": "Load balancer idle timeout in minutes.",
      "Arguments": null
    },
    {
      "Name": "--load-balancer-managed-outbound-ip-count",
      "Alias": null,
      "Short": null,
      "Attribute": "",
      "Description": "Load balancer managed outbound IP count.",
      "Arguments": null
    },
    {
      "Name": "--load-balancer-managed-outbound-ipv6-count",
      "Alias": null,
      "Short": null,
      "Attribute": "",
      "Description": "Load balancer managed outbound IPv6 IP count.",
      "Arguments": null
    },
    {
      "Name": "--load-balancer-outbound-ip-prefixes",
      "Alias": null,
      "Short": null,
      "Attribute": "",
      "Description": "Load balancer outbound IP prefix resource IDs.",
      "Arguments": null
    },
    {
      "Name": "--load-balancer-outbound-ips",
      "Alias": null,
      "Short": null,
      "Attribute": "",
      "Description": "Load balancer outbound IP resource IDs.",
      "Arguments": null
    },
    {
      "Name": "--load-balancer-outbound-ports",
      "Alias": null,
      "Short": null,
      "Attribute": "",
      "Description": "Load balancer outbound allocated ports.",
      "Arguments": null
    },
    {
      "Name": "--load-balancer-sku",
      "Alias": null,
      "Short": null,
      "Attribute": "",
      "Description": "Azure Load Balancer SKU selection for your cluster. basic or standard. Defaults to \u0027standard\u0027.  Allowed values: basic, standard.",
      "Arguments": [
        "basic",
        "standard"
      ]
    },
    {
      "Name": "--location",
      "Alias": null,
      "Short": [
        "-l "
      ],
      "Attribute": "",
      "Description": "Location. Values from: \u0060az account list- locations\u0060. You can configure the default location using \u0060az configure --defaults location=\u003Clocation\u003E\u0060.",
      "Arguments": [
        "eastus",
        "eastus2",
        "southcentralus",
        "westus2",
        "westus3",
        "australiaeast",
        "southeastasia",
        "northeurope",
        "swedencentral",
        "uksouth",
        "westeurope",
        "centralus",
        "southafricanorth",
        "centralindia",
        "eastasia",
        "japaneast",
        "koreacentral",
        "canadacentral",
        "francecentral",
        "germanywestcentral",
        "italynorth",
        "norwayeast",
        "polandcentral",
        "switzerlandnorth",
        "uaenorth",
        "brazilsouth",
        "centraluseuap",
        "israelcentral",
        "qatarcentral",
        "centralusstage",
        "eastusstage",
        "eastus2stage",
        "northcentralusstage",
        "southcentralusstage",
        "westusstage",
        "westus2stage",
        "asia",
        "asiapacific",
        "australia",
        "brazil",
        "canada",
        "europe",
        "france",
        "germany",
        "global",
        "india",
        "japan",
        "korea",
        "norway",
        "singapore",
        "southafrica",
        "sweden",
        "switzerland",
        "uae",
        "uk",
        "unitedstates",
        "unitedstateseuap",
        "eastasiastage",
        "southeastasiastage",
        "brazilus",
        "eastusstg",
        "northcentralus",
        "westus",
        "japanwest",
        "jioindiawest",
        "eastus2euap",
        "westcentralus",
        "southafricawest",
        "australiacentral",
        "australiacentral2",
        "australiasoutheast",
        "jioindiacentral",
        "koreasouth",
        "southindia",
        "westindia",
        "canadaeast",
        "francesouth",
        "germanynorth",
        "norwaywest",
        "switzerlandwest",
        "ukwest",
        "uaecentral",
        "brazilsoutheast"
      ]
    },
    {
      "Name": "--max-count",
      "Alias": null,
      "Short": null,
      "Attribute": "",
      "Description": "Maximum nodes count used for autoscaler, when \u0022 --enable-cluster-autoscaler\u0022 specified. Please specify the value in the range of [1, 1000].",
      "Arguments": null
    },
    {
      "Name": "--max-pods",
      "Alias": null,
      "Short": [
        "-m "
      ],
      "Attribute": "",
      "Description": "The maximum number of pods deployable to a node.",
      "Arguments": null
    },
    {
      "Name": "--min-count",
      "Alias": null,
      "Short": null,
      "Attribute": "",
      "Description": "Minimum nodes count used for autoscaler, when \u0022 --enable-cluster-autoscaler\u0022 specified. Please specify the value in the range of [1, 1000].",
      "Arguments": null
    },
    {
      "Name": "--nat-gateway-idle-timeout",
      "Alias": null,
      "Short": null,
      "Attribute": "",
      "Description": "NAT gateway idle timeout in minutes.",
      "Arguments": null
    },
    {
      "Name": "--nat-gateway-managed-outbound-ip-count",
      "Alias": null,
      "Short": null,
      "Attribute": "",
      "Description": "NAT gateway managed outbound IP count.",
      "Arguments": null
    },
    {
      "Name": "--network-dataplane",
      "Alias": null,
      "Short": null,
      "Attribute": "",
      "Description": "The network dataplane to use.  Allowed values: azure, cilium.",
      "Arguments": [
        "azure",
        "cilium"
      ]
    },
    {
      "Name": "--network-plugin",
      "Alias": null,
      "Short": null,
      "Attribute": "",
      "Description": "The Kubernetes network plugin to use.  Allowed values: azure, kubenet, none.",
      "Arguments": [
        "azure",
        "kubenet",
        "none"
      ]
    },
    {
      "Name": "--network-plugin-mode",
      "Alias": null,
      "Short": null,
      "Attribute": "",
      "Description": "The network plugin mode to use.  Allowed values: overlay.",
      "Arguments": [
        "overlay"
      ]
    },
    {
      "Name": "--network-policy",
      "Alias": null,
      "Short": null,
      "Attribute": "",
      "Description": "The Kubernetes network policy to use.",
      "Arguments": null
    },
    {
      "Name": "--no-ssh-key",
      "Alias": null,
      "Short": [
        "-x "
      ],
      "Attribute": "",
      "Description": "Do not use or create a local SSH key.",
      "Arguments": null
    },
    {
      "Name": "--no-wait",
      "Alias": null,
      "Short": null,
      "Attribute": "",
      "Description": "Do not wait for the long-running operation to finish.",
      "Arguments": null
    },
    {
      "Name": "--node-count",
      "Alias": null,
      "Short": [
        "-c "
      ],
      "Attribute": "",
      "Description": "Number of nodes in the Kubernetes node pool. After creating a cluster, you can change the size of its node pool with \u0060az aks scale\u0060. Default: 3.",
      "Arguments": null
    },
    {
      "Name": "--node-os-upgrade-channel",
      "Alias": null,
      "Short": null,
      "Attribute": "",
      "Description": "Manner in which the OS on your nodes is updated. It could be NodeImage, None, SecurityPatch or Unmanaged.  Allowed values: NodeImage, None, Unmanaged.",
      "Arguments": [
        "NodeImage",
        "None",
        "Unmanaged"
      ]
    },
    {
      "Name": "--node-osdisk-diskencryptionset-id",
      "Alias": null,
      "Short": [
        "-d "
      ],
      "Attribute": "",
      "Description": "ResourceId of the disk encryption set to use for enabling encryption at rest on agent node os disk.",
      "Arguments": null
    },
    {
      "Name": "--node-osdisk-size",
      "Alias": null,
      "Short": null,
      "Attribute": "",
      "Description": "Size in GiB of the OS disk for each node in the node pool. Minimum 30 GiB.",
      "Arguments": null
    },
    {
      "Name": "--node-osdisk-type",
      "Alias": null,
      "Short": null,
      "Attribute": "",
      "Description": "OS disk type to be used for machines in a given agent pool: Ephemeral or Managed. Defaults to \u0027Ephemeral\u0027 when possible in conjunction with VM size and OS disk size. May not be changed for this pool after creation.  Allowed values: Ephemeral, Managed.",
      "Arguments": [
        "Ephemeral",
        "Managed"
      ]
    },
    {
      "Name": "--node-public-ip-prefix-id",
      "Alias": null,
      "Short": null,
      "Attribute": "",
      "Description": "Public IP prefix ID used to assign public IPs to VMSS nodes.",
      "Arguments": null
    },
    {
      "Name": "--node-public-ip-tags",
      "Alias": null,
      "Short": null,
      "Attribute": "",
      "Description": "The ipTags of the node public IPs.",
      "Arguments": null
    },
    {
      "Name": "--node-resource-group",
      "Alias": null,
      "Short": null,
      "Attribute": "",
      "Description": "The node resource group is the resource group where all customer\u0027s resources will be created in, such as virtual machines.",
      "Arguments": null
    },
    {
      "Name": "--node-vm-size",
      "Alias": null,
      "Short": [
        "-s "
      ],
      "Attribute": "",
      "Description": "Size of Virtual Machines to create as Kubernetes nodes.",
      "Arguments": null
    },
    {
      "Name": "--nodepool-allowed-host-ports",
      "Alias": null,
      "Short": null,
      "Attribute": "",
      "Description": "Expose host ports on the node pool. When specified, format should be a space-separated list of ranges with protocol, eg. \u006080/TCP 443/TCP 4000-5000/TCP\u0060.",
      "Arguments": null
    },
    {
      "Name": "--nodepool-asg-ids",
      "Alias": null,
      "Short": null,
      "Attribute": "",
      "Description": "The IDs of the application security groups to which the node pool\u0027s network interface should belong. When specified, format should be a space-separated list of IDs.",
      "Arguments": null
    },
    {
      "Name": "--nodepool-labels",
      "Alias": null,
      "Short": null,
      "Attribute": "",
      "Description": "The node labels for all node pool. See https://aka.ms/node-labels for syntax of labels.",
      "Arguments": null
    },
    {
      "Name": "--nodepool-name",
      "Alias": null,
      "Short": null,
      "Attribute": "",
      "Description": "Node pool name, up to 12 alphanumeric characters.  Default: nodepool1.",
      "Arguments": null
    },
    {
      "Name": "--nodepool-tags",
      "Alias": null,
      "Short": null,
      "Attribute": "",
      "Description": "Space-separated tags: key[=value] [key[=value] ...]. Use \u0022\u0022 to clear existing tags.",
      "Arguments": null
    },
    {
      "Name": "--nodepool-taints",
      "Alias": null,
      "Short": null,
      "Attribute": "",
      "Description": "The node taints for all node pool.",
      "Arguments": null
    },
    {
      "Name": "--os-sku",
      "Alias": null,
      "Short": null,
      "Attribute": "",
      "Description": "The OS SKU of the agent node pool. Ubuntu or CBLMariner.  Allowed values: AzureLinux, CBLMariner, Mariner, Ubuntu.",
      "Arguments": [
        "AzureLinux",
        "CBLMariner",
        "Mariner",
        "Ubuntu"
      ]
    },
    {
      "Name": "--outbound-type",
      "Alias": null,
      "Short": null,
      "Attribute": "",
      "Description": "How outbound traffic will be configured for a cluster.  Allowed values: loadBalancer, managedNATGateway, userAssignedNATGateway, userDefinedRouting.",
      "Arguments": [
        "loadBalancer",
        "managedNATGateway",
        "userAssignedNATGateway",
        "userDefinedRouting"
      ]
    },
    {
      "Name": "--pod-cidr",
      "Alias": null,
      "Short": null,
      "Attribute": "",
      "Description": "A CIDR notation IP range from which to assign pod IPs when kubenet is used.",
      "Arguments": null
    },
    {
      "Name": "--pod-cidrs",
      "Alias": null,
      "Short": null,
      "Attribute": "",
      "Description": "A comma separated list of CIDR notation IP ranges from which to assign pod IPs when kubenet is used.",
      "Arguments": null
    },
    {
      "Name": "--pod-subnet-id",
      "Alias": null,
      "Short": null,
      "Attribute": "",
      "Description": "The ID of a subnet in an existing VNet into which to assign pods in the cluster (requires azure network-plugin).",
      "Arguments": null
    },
    {
      "Name": "--ppg",
      "Alias": null,
      "Short": null,
      "Attribute": "",
      "Description": "The ID of a PPG.",
      "Arguments": null
    },
    {
      "Name": "--private-dns-zone",
      "Alias": null,
      "Short": null,
      "Attribute": "",
      "Description": "Private dns zone mode for private cluster.",
      "Arguments": null
    },
    {
      "Name": "--rotation-poll-interval",
      "Alias": null,
      "Short": null,
      "Attribute": "",
      "Description": "Set interval of rotation poll. Use with azure- keyvault-secrets-provider addon.",
      "Arguments": null
    },
    {
      "Name": "--service-cidr",
      "Alias": null,
      "Short": null,
      "Attribute": "",
      "Description": "A CIDR notation IP range from which to assign service cluster IPs.",
      "Arguments": null
    },
    {
      "Name": "--service-cidrs",
      "Alias": null,
      "Short": null,
      "Attribute": "",
      "Description": "A comma separated list of CIDR notation IP ranges from which to assign service cluster IPs.",
      "Arguments": null
    },
    {
      "Name": "--service-principal",
      "Alias": null,
      "Short": null,
      "Attribute": "",
      "Description": "Service principal used for authentication to Azure APIs.",
      "Arguments": null
    },
    {
      "Name": "--skip-subnet-role-assignment",
      "Alias": null,
      "Short": null,
      "Attribute": "",
      "Description": "Skip role assignment for subnet (advanced networking).",
      "Arguments": null
    },
    {
      "Name": "--snapshot-id",
      "Alias": null,
      "Short": null,
      "Attribute": "",
      "Description": "The source snapshot id used to create this cluster.",
      "Arguments": null
    },
    {
      "Name": "--ssh-key-value",
      "Alias": null,
      "Short": null,
      "Attribute": "",
      "Description": "Public key path or key contents to install on node VMs for SSH access. For example, \u0027ssh-rsa AAAAB...snip...UcyupgH azureuser@linuxvm\u0027. Default: ~\\.ssh\\id_rsa.pub.",
      "Arguments": null
    },
    {
      "Name": "--tags",
      "Alias": null,
      "Short": null,
      "Attribute": "",
      "Description": "The tags of the managed cluster. The managed cluster instance and all resources managed by the cloud provider will be tagged.",
      "Arguments": null
    },
    {
      "Name": "--tier",
      "Alias": null,
      "Short": null,
      "Attribute": "",
      "Description": "Specify SKU tier for managed clusters. \u0027--tier standard\u0027 enables a standard managed cluster service with a financially backed SLA. \u0027--tier free\u0027 does not have a financially backed SLA. Allowed values: free, premium, standard.",
      "Arguments": [
        "free",
        "premium",
        "standard"
      ]
    },
    {
      "Name": "--vm-set-type",
      "Alias": null,
      "Short": null,
      "Attribute": "",
      "Description": "Agent pool vm set type. VirtualMachineScaleSets or AvailabilitySet. Defaults to \u0027VirtualMachineScaleSets\u0027.",
      "Arguments": null
    },
    {
      "Name": "--vnet-subnet-id",
      "Alias": null,
      "Short": null,
      "Attribute": "",
      "Description": "The ID of a subnet in an existing VNet into which to deploy the cluster.",
      "Arguments": null
    },
    {
      "Name": "--windows-admin-password",
      "Alias": null,
      "Short": null,
      "Attribute": "",
      "Description": "User account password to use on windows node VMs.",
      "Arguments": null
    },
    {
      "Name": "--windows-admin-username",
      "Alias": null,
      "Short": null,
      "Attribute": "",
      "Description": "User account to create on windows node VMs.",
      "Arguments": null
    },
    {
      "Name": "--workspace-resource-id",
      "Alias": null,
      "Short": null,
      "Attribute": "",
      "Description": "The resource ID of an existing Log Analytics Workspace to use for storing monitoring data. If not specified, uses the default Log Analytics Workspace if it exists, otherwise creates one.",
      "Arguments": null
    },
    {
      "Name": "--yes",
      "Alias": null,
      "Short": [
        "-y "
      ],
      "Attribute": "",
      "Description": "Do not prompt for confirmation.",
      "Arguments": null
    },
    {
      "Name": "--zones",
      "Alias": null,
      "Short": [
        "-z "
      ],
      "Attribute": "",
      "Description": "Availability zones where agent nodes will be placed. Also, to install agent nodes to more than one zones you need to pass zone numbers (1,2 or 3) separated by blanks.  For example - To have all 3 zones, you are expected to enter \u0060--zones 1 2 3\u0060.",
      "Arguments": null
    },
    {
      "Name": "--appgw-id",
      "Alias": null,
      "Short": null,
      "Attribute": "",
      "Description": "Resource Id of an existing Application Gateway to use with AGIC. Use with ingress-azure addon.",
      "Arguments": null
    },
    {
      "Name": "--appgw-name",
      "Alias": null,
      "Short": null,
      "Attribute": "",
      "Description": "Name of the application gateway to create/use in the node resource group. Use with ingress-azure addon.",
      "Arguments": null
    },
    {
      "Name": "--appgw-subnet-cidr",
      "Alias": null,
      "Short": null,
      "Attribute": "",
      "Description": "Subnet CIDR to use for a new subnet created to deploy the Application Gateway. Use with ingress-azure addon.",
      "Arguments": null
    },
    {
      "Name": "--appgw-subnet-id",
      "Alias": null,
      "Short": null,
      "Attribute": "",
      "Description": "Resource Id of an existing Subnet used to deploy the Application Gateway. Use with ingress-azure addon.",
      "Arguments": null
    },
    {
      "Name": "--appgw-watch-namespace",
      "Alias": null,
      "Short": null,
      "Attribute": "",
      "Description": "Specify the namespace, which AGIC should watch. This could be a single string value, or a comma- separated list of namespaces.",
      "Arguments": null
    },
    {
      "Name": "--debug",
      "Alias": null,
      "Short": null,
      "Attribute": "",
      "Description": "Increase logging verbosity to show all debug logs.",
      "Arguments": null
    },
    {
      "Name": "--help",
      "Alias": null,
      "Short": [
        "-h "
      ],
      "Attribute": "",
      "Description": "Show this help message and exit.",
      "Arguments": null
    },
    {
      "Name": "--only-show-errors",
      "Alias": null,
      "Short": null,
      "Attribute": "",
      "Description": "Only show errors, suppressing warnings.",
      "Arguments": null
    },
    {
      "Name": "--output",
      "Alias": null,
      "Short": [
        "-o "
      ],
      "Attribute": "",
      "Description": "Output format.  Allowed values: json, jsonc, none, table, tsv, yaml, yamlc.  Default: json.",
      "Arguments": [
        "json",
        "jsonc",
        "none",
        "table",
        "tsv",
        "yaml",
        "yamlc"
      ]
    },
    {
      "Name": "--query",
      "Alias": null,
      "Short": null,
      "Attribute": "",
      "Description": "JMESPath query string. See http://jmespath.org/ for more information and examples.",
      "Arguments": null
    },
    {
      "Name": "--subscription",
      "Alias": null,
      "Short": null,
      "Attribute": "",
      "Description": "Name or ID of subscription. You can configure the default subscription using \u0060az account set -s NAME_OR_ID\u0060.",
      "Arguments": null
    },
    {
      "Name": "--verbose",
      "Alias": null,
      "Short": null,
      "Attribute": "",
      "Description": "Increase logging verbosity. Use --debug for full debug logs.",
      "Arguments": null
    }
  ],
  "Examples": null,
  "Name": "create",
  "Description": "Create a new managed Kubernetes cluster."
}