{
  "Options": [
    {
      "Name": "--addons",
      "Alias": null,
      "Short": [
        "-a "
      ],
      "Attribute": "[Required]",
      "Description": "Enable the Kubernetes addons in a comma-separated list.",
      "Arguments": null
    },
    {
      "Name": "--name",
      "Alias": null,
      "Short": [
        "-n "
      ],
      "Attribute": "[Required]",
      "Description": "Name of the managed cluster.",
      "Arguments": null
    },
    {
      "Name": "--resource-group",
      "Alias": null,
      "Short": [
        "-g "
      ],
      "Attribute": "[Required]",
      "Description": "Name of resource group. You can configure the default group using \u0060az configure --defaults group=\u003Cname\u003E\u0060.",
      "Arguments": null
    },
    {
      "Name": "--data-collection-settings",
      "Alias": null,
      "Short": null,
      "Attribute": "[Preview]",
      "Description": "Path to JSON file containing data collection settings for Monitoring addon.",
      "Arguments": null
    },
    {
      "Name": "--enable-msi-auth-for-monitoring",
      "Alias": null,
      "Short": null,
      "Attribute": "[Preview]",
      "Description": "Enable Managed Identity Auth for Monitoring addon. Allowed values: false, true.  Default: True.",
      "Arguments": null
    },
    {
      "Name": "--enable-secret-rotation",
      "Alias": null,
      "Short": null,
      "Attribute": "",
      "Description": "Enable secret rotation. Use with azure-keyvault- secrets-provider addon.",
      "Arguments": null
    },
    {
      "Name": "--enable-sgxquotehelper",
      "Alias": null,
      "Short": null,
      "Attribute": "",
      "Description": "Enable SGX quote helper for confcom addon.",
      "Arguments": null
    },
    {
      "Name": "--enable-syslog",
      "Alias": null,
      "Short": null,
      "Attribute": "[Preview]",
      "Description": "Enable syslog data collection for Monitoring addon. Allowed values: false, true.",
      "Arguments": null
    },
    {
      "Name": "--no-wait",
      "Alias": null,
      "Short": null,
      "Attribute": "",
      "Description": "Do not wait for the long-running operation to finish.",
      "Arguments": null
    },
    {
      "Name": "--rotation-poll-interval",
      "Alias": null,
      "Short": null,
      "Attribute": "",
      "Description": "Set interval of rotation poll. Use with azure- keyvault-secrets-provider addon.",
      "Arguments": null
    },
    {
      "Name": "--subnet-name",
      "Alias": null,
      "Short": [
        "-s "
      ],
      "Attribute": "",
      "Description": "Name of an existing subnet to use with the virtual- node add-on.",
      "Arguments": null
    },
    {
      "Name": "--workspace-resource-id",
      "Alias": null,
      "Short": null,
      "Attribute": "",
      "Description": "The resource ID of an existing Log Analytics Workspace to use for storing monitoring data.",
      "Arguments": null
    },
    {
      "Name": "--appgw-id",
      "Alias": null,
      "Short": null,
      "Attribute": "",
      "Description": "Resource Id of an existing Application Gateway to use with AGIC. Use with ingress-azure addon.",
      "Arguments": null
    },
    {
      "Name": "--appgw-name",
      "Alias": null,
      "Short": null,
      "Attribute": "",
      "Description": "Name of the application gateway to create/use in the node resource group. Use with ingress-azure addon.",
      "Arguments": null
    },
    {
      "Name": "--appgw-subnet-cidr",
      "Alias": null,
      "Short": null,
      "Attribute": "",
      "Description": "Subnet CIDR to use for a new subnet created to deploy the Application Gateway. Use with ingress- azure addon.",
      "Arguments": null
    },
    {
      "Name": "--appgw-subnet-id",
      "Alias": null,
      "Short": null,
      "Attribute": "",
      "Description": "Resource Id of an existing Subnet used to deploy the Application Gateway. Use with ingress-azure addon.",
      "Arguments": null
    },
    {
      "Name": "--appgw-watch-namespace",
      "Alias": null,
      "Short": null,
      "Attribute": "",
      "Description": "Specify the namespace, which AGIC should watch. This could be a single string value, or a comma- separated list of namespaces.",
      "Arguments": null
    },
    {
      "Name": "--debug",
      "Alias": null,
      "Short": null,
      "Attribute": "",
      "Description": "Increase logging verbosity to show all debug logs.",
      "Arguments": null
    },
    {
      "Name": "--help",
      "Alias": null,
      "Short": [
        "-h "
      ],
      "Attribute": "",
      "Description": "Show this help message and exit.",
      "Arguments": null
    },
    {
      "Name": "--only-show-errors",
      "Alias": null,
      "Short": null,
      "Attribute": "",
      "Description": "Only show errors, suppressing warnings.",
      "Arguments": null
    },
    {
      "Name": "--output",
      "Alias": null,
      "Short": [
        "-o "
      ],
      "Attribute": "",
      "Description": "Output format.  Allowed values: json, jsonc, none, table, tsv, yaml, yamlc.  Default: json.",
      "Arguments": [
        "json",
        "jsonc",
        "none",
        "table",
        "tsv",
        "yaml",
        "yamlc"
      ]
    },
    {
      "Name": "--query",
      "Alias": null,
      "Short": null,
      "Attribute": "",
      "Description": "JMESPath query string. See http://jmespath.org/ for more information and examples.",
      "Arguments": null
    },
    {
      "Name": "--subscription",
      "Alias": null,
      "Short": null,
      "Attribute": "",
      "Description": "Name or ID of subscription. You can configure the default subscription using \u0060az account set -s NAME_OR_ID\u0060.",
      "Arguments": null
    },
    {
      "Name": "--verbose",
      "Alias": null,
      "Short": null,
      "Attribute": "",
      "Description": "Increase logging verbosity. Use --debug for full debug logs.",
      "Arguments": null
    }
  ],
  "Examples": null,
  "Name": "enable-addons",
  "Description": "Enable Kubernetes addons."
}