{
  "Options": [
    {
      "Name": "--name",
      "Alias": null,
      "Short": [
        "-n "
      ],
      "Attribute": "[Required]",
      "Description": "Name of the managed cluster.",
      "Arguments": null
    },
    {
      "Name": "--resource-group",
      "Alias": null,
      "Short": [
        "-g "
      ],
      "Attribute": "[Required]",
      "Description": "Name of resource group. You can configure the default group using \u0060az configure --defaults group=\u003Cname\u003E\u0060.",
      "Arguments": null
    },
    {
      "Name": "--admin",
      "Alias": null,
      "Short": [
        "-a "
      ],
      "Attribute": "",
      "Description": "Get cluster administrator credentials.  Default: cluster user credentials.",
      "Arguments": null
    },
    {
      "Name": "--context",
      "Alias": null,
      "Short": null,
      "Attribute": "",
      "Description": "If specified, overwrite the default context name. The \u0060--admin\u0060 parameter takes precedence over \u0060--context\u0060.",
      "Arguments": null
    },
    {
      "Name": "--file",
      "Alias": null,
      "Short": [
        "-f "
      ],
      "Attribute": "",
      "Description": "Kubernetes configuration file to update. Use \u0022-\u0022 to print YAML to stdout instead.  Default: C:\\Users\\dongbow\\.kube\\config.",
      "Arguments": null
    },
    {
      "Name": "--format",
      "Alias": null,
      "Short": null,
      "Attribute": "",
      "Description": "Specify the format of the returned credential. Available values are [\u0022exec\u0022, \u0022azure\u0022]. Only take effect when requesting clusterUser credential of AAD clusters.",
      "Arguments": null
    },
    {
      "Name": "--overwrite-existing",
      "Alias": null,
      "Short": null,
      "Attribute": "",
      "Description": "Overwrite any existing cluster entry with the same name.",
      "Arguments": null
    },
    {
      "Name": "--public-fqdn",
      "Alias": null,
      "Short": null,
      "Attribute": "",
      "Description": "Get private cluster credential with server address to be public fqdn.",
      "Arguments": null
    },
    {
      "Name": "--debug",
      "Alias": null,
      "Short": null,
      "Attribute": "",
      "Description": "Increase logging verbosity to show all debug logs.",
      "Arguments": null
    },
    {
      "Name": "--help",
      "Alias": null,
      "Short": [
        "-h "
      ],
      "Attribute": "",
      "Description": "Show this help message and exit.",
      "Arguments": null
    },
    {
      "Name": "--only-show-errors",
      "Alias": null,
      "Short": null,
      "Attribute": "",
      "Description": "Only show errors, suppressing warnings.",
      "Arguments": null
    },
    {
      "Name": "--output",
      "Alias": null,
      "Short": [
        "-o "
      ],
      "Attribute": "",
      "Description": "Output format.  Allowed values: json, jsonc, none, table, tsv, yaml, yamlc.  Default: json.",
      "Arguments": [
        "json",
        "jsonc",
        "none",
        "table",
        "tsv",
        "yaml",
        "yamlc"
      ]
    },
    {
      "Name": "--query",
      "Alias": null,
      "Short": null,
      "Attribute": "",
      "Description": "JMESPath query string. See http://jmespath.org/ for more information and examples.",
      "Arguments": null
    },
    {
      "Name": "--subscription",
      "Alias": null,
      "Short": null,
      "Attribute": "",
      "Description": "Name or ID of subscription. You can configure the default subscription using \u0060az account set -s NAME_OR_ID\u0060.",
      "Arguments": null
    },
    {
      "Name": "--verbose",
      "Alias": null,
      "Short": null,
      "Attribute": "",
      "Description": "Increase logging verbosity. Use --debug for full debug logs.",
      "Arguments": null
    }
  ],
  "Examples": null,
  "Name": "get-credentials",
  "Description": "Get access credentials for a managed Kubernetes cluster."
}