{
  "Options": [
    {
      "Name": "--base-src-url",
      "Alias": null,
      "Short": null,
      "Attribute": "",
      "Description": "Base download source URL for kubectl releases.",
      "Arguments": null
    },
    {
      "Name": "--client-version",
      "Alias": null,
      "Short": null,
      "Attribute": "",
      "Description": "Version of kubectl to install.  Default: latest.",
      "Arguments": null
    },
    {
      "Name": "--install-location",
      "Alias": null,
      "Short": null,
      "Attribute": "",
      "Description": "Path at which to install kubectl. Note: the path should contain the binary filename.  Default: C:\\Users\\dongbow\\.azure- kubectl\\kubectl.exe.",
      "Arguments": null
    },
    {
      "Name": "--kubelogin-base-src-url",
      "Alias": null,
      "Short": [
        "-l "
      ],
      "Attribute": "",
      "Description": "Base download source URL for kubelogin releases.",
      "Arguments": null
    },
    {
      "Name": "--kubelogin-install-location",
      "Alias": null,
      "Short": null,
      "Attribute": "",
      "Description": "Path at which to install kubelogin. Note: the path should contain the binary filename.  Default: C:\\Users\\dongbow\\.azure- kubelogin\\kubelogin.exe.",
      "Arguments": null
    },
    {
      "Name": "--kubelogin-version",
      "Alias": null,
      "Short": null,
      "Attribute": "",
      "Description": "Version of kubelogin to install.  Default: latest.",
      "Arguments": null
    },
    {
      "Name": "--debug",
      "Alias": null,
      "Short": null,
      "Attribute": "",
      "Description": "Increase logging verbosity to show all debug logs.",
      "Arguments": null
    },
    {
      "Name": "--help",
      "Alias": null,
      "Short": [
        "-h "
      ],
      "Attribute": "",
      "Description": "Show this help message and exit.",
      "Arguments": null
    },
    {
      "Name": "--only-show-errors",
      "Alias": null,
      "Short": null,
      "Attribute": "",
      "Description": "Only show errors, suppressing warnings.",
      "Arguments": null
    },
    {
      "Name": "--output",
      "Alias": null,
      "Short": [
        "-o "
      ],
      "Attribute": "",
      "Description": "Output format.  Allowed values: json, jsonc, none, table, tsv, yaml, yamlc.  Default: json.",
      "Arguments": [
        "json",
        "jsonc",
        "none",
        "table",
        "tsv",
        "yaml",
        "yamlc"
      ]
    },
    {
      "Name": "--query",
      "Alias": null,
      "Short": null,
      "Attribute": "",
      "Description": "JMESPath query string. See http://jmespath.org/ for more information and examples.",
      "Arguments": null
    },
    {
      "Name": "--subscription",
      "Alias": null,
      "Short": null,
      "Attribute": "",
      "Description": "Name or ID of subscription. You can configure the default subscription using \u0060az account set -s NAME_OR_ID\u0060.",
      "Arguments": null
    },
    {
      "Name": "--verbose",
      "Alias": null,
      "Short": null,
      "Attribute": "",
      "Description": "Increase logging verbosity. Use --debug for full debug logs.",
      "Arguments": null
    }
  ],
  "Examples": null,
  "Name": "install-cli",
  "Description": "Download and install kubectl, the Kubernetes command-line tool. Download and install kubelogin, a client-go credential (exec) plugin implementing azure authentication."
}