{
  "Options": [
    {
      "Name": "--name",
      "Alias": null,
      "Short": [
        "-n "
      ],
      "Attribute": "[Required]",
      "Description": "Name of the managed cluster.",
      "Arguments": null
    },
    {
      "Name": "--resource-group",
      "Alias": null,
      "Short": [
        "-g "
      ],
      "Attribute": "[Required]",
      "Description": "Name of resource group. You can configure the default group using \u0060az configure --defaults group=\u003Cname\u003E\u0060.",
      "Arguments": null
    },
    {
      "Name": "--aad-admin-group-object-ids",
      "Alias": null,
      "Short": null,
      "Attribute": "",
      "Description": "Comma seperated list of aad group object IDs that will be set as cluster admin.",
      "Arguments": null
    },
    {
      "Name": "--aad-tenant-id",
      "Alias": null,
      "Short": null,
      "Attribute": "",
      "Description": "The ID of an Azure Active Directory tenant.",
      "Arguments": null
    },
    {
      "Name": "--aks-custom-headers",
      "Alias": null,
      "Short": null,
      "Attribute": "",
      "Description": "Comma-separated key-value pairs to specify custom headers.",
      "Arguments": null
    },
    {
      "Name": "--api-server-authorized-ip-ranges",
      "Alias": null,
      "Short": null,
      "Attribute": "",
      "Description": "Comma seperated list of authorized apiserver IP ranges. Set to \u0022\u0022 to allow all traffic on a previously restricted cluster. Set to 0.0.0.0/32 to restrict apiserver traffic to node pools.",
      "Arguments": null
    },
    {
      "Name": "--assign-identity",
      "Alias": null,
      "Short": null,
      "Attribute": "",
      "Description": "Specify an existing user assigned identity to manage cluster resource group.",
      "Arguments": null
    },
    {
      "Name": "--assign-kubelet-identity",
      "Alias": null,
      "Short": null,
      "Attribute": "",
      "Description": "Update cluster\u0027s kubelet identity to an existing user assigned identity. Please note this operation will recreate all agent nodes in the cluster.",
      "Arguments": null
    },
    {
      "Name": "--attach-acr",
      "Alias": null,
      "Short": null,
      "Attribute": "",
      "Description": "Grant the \u0027acrpull\u0027 role assignment to the ACR specified by name or resource ID.",
      "Arguments": null
    },
    {
      "Name": "--auto-upgrade-channel",
      "Alias": null,
      "Short": null,
      "Attribute": "",
      "Description": "Specify the upgrade channel for autoupgrade. Allowed values: node-image, none, patch, rapid, stable.",
      "Arguments": [
        "node-image",
        "none",
        "patch",
        "rapid",
        "stable"
      ]
    },
    {
      "Name": "--azure-keyvault-kms-key-id",
      "Alias": null,
      "Short": null,
      "Attribute": "",
      "Description": "Identifier of Azure Key Vault key.",
      "Arguments": null
    },
    {
      "Name": "--azure-keyvault-kms-key-vault-network-access",
      "Alias": null,
      "Short": null,
      "Attribute": "",
      "Description": "Network Access of Azure Key Vault.  Allowed values: Private, Public.",
      "Arguments": [
        "Private",
        "Public"
      ]
    },
    {
      "Name": "--azure-keyvault-kms-key-vault-resource-id",
      "Alias": null,
      "Short": null,
      "Attribute": "",
      "Description": "Resource ID of Azure Key Vault.",
      "Arguments": null
    },
    {
      "Name": "--azure-monitor-workspace-resource-id",
      "Alias": null,
      "Short": null,
      "Attribute": "",
      "Description": "Resource ID of the Azure Monitor Workspace.",
      "Arguments": null
    },
    {
      "Name": "--ca-profile",
      "Alias": [
        "--cluster-autoscaler-profile "
      ],
      "Short": null,
      "Attribute": "",
      "Description": "Comma-separated list of key=value pairs for configuring cluster autoscaler. Pass an empty string to clear the profile.",
      "Arguments": null
    },
    {
      "Name": "--defender-config",
      "Alias": null,
      "Short": null,
      "Attribute": "",
      "Description": "Path to JSON file containing Microsoft Defender profile configurations.",
      "Arguments": null
    },
    {
      "Name": "--detach-acr",
      "Alias": null,
      "Short": null,
      "Attribute": "",
      "Description": "Disable the \u0027acrpull\u0027 role assignment to the ACR specified by name or resource ID.",
      "Arguments": null
    },
    {
      "Name": "--disable-ahub",
      "Alias": null,
      "Short": null,
      "Attribute": "",
      "Description": "Disable Azure Hybrid User Benefits (AHUB) feature for cluster.",
      "Arguments": null
    },
    {
      "Name": "--disable-azure-keyvault-kms",
      "Alias": null,
      "Short": null,
      "Attribute": "",
      "Description": "Disable Azure KeyVault Key Management Service.",
      "Arguments": null
    },
    {
      "Name": "--disable-azure-monitor-metrics",
      "Alias": null,
      "Short": null,
      "Attribute": "",
      "Description": "Disable Azure Monitor Metrics Profile. This will delete all DCRA\u0027s associated with the cluster, any linked DCRs with the data stream = prometheus-stream and the recording rule groups created by the addon for this AKS cluster.",
      "Arguments": null
    },
    {
      "Name": "--disable-azure-rbac",
      "Alias": null,
      "Short": null,
      "Attribute": "",
      "Description": "Disable Azure RBAC to control authorization checks on cluster.",
      "Arguments": null
    },
    {
      "Name": "--disable-blob-driver",
      "Alias": null,
      "Short": null,
      "Attribute": "",
      "Description": "Disable AzureBlob CSI Driver.",
      "Arguments": null
    },
    {
      "Name": "--disable-cluster-autoscaler",
      "Alias": null,
      "Short": [
        "-d "
      ],
      "Attribute": "",
      "Description": "Disable cluster autoscaler.",
      "Arguments": null
    },
    {
      "Name": "--disable-defender",
      "Alias": null,
      "Short": null,
      "Attribute": "",
      "Description": "Disable defender profile.",
      "Arguments": null
    },
    {
      "Name": "--disable-disk-driver",
      "Alias": null,
      "Short": null,
      "Attribute": "",
      "Description": "Disable AzureDisk CSI Driver.",
      "Arguments": null
    },
    {
      "Name": "--disable-file-driver",
      "Alias": null,
      "Short": null,
      "Attribute": "",
      "Description": "Disable AzureFile CSI Driver.",
      "Arguments": null
    },
    {
      "Name": "--disable-force-upgrade",
      "Alias": null,
      "Short": null,
      "Attribute": "",
      "Description": "Disable forceUpgrade cluster upgrade settings override.",
      "Arguments": null
    },
    {
      "Name": "--disable-image-cleaner",
      "Alias": null,
      "Short": null,
      "Attribute": "",
      "Description": "Disable ImageCleaner Service.",
      "Arguments": null
    },
    {
      "Name": "--disable-keda",
      "Alias": null,
      "Short": null,
      "Attribute": "",
      "Description": "Disable KEDA workload auto-scaler.",
      "Arguments": null
    },
    {
      "Name": "--disable-local-accounts",
      "Alias": null,
      "Short": null,
      "Attribute": "",
      "Description": "If set to true, getting static credential will be disabled for this cluster.",
      "Arguments": null
    },
    {
      "Name": "--disable-public-fqdn",
      "Alias": null,
      "Short": null,
      "Attribute": "",
      "Description": "Disable public fqdn feature for private cluster.",
      "Arguments": null
    },
    {
      "Name": "--disable-secret-rotation",
      "Alias": null,
      "Short": null,
      "Attribute": "",
      "Description": "Disable secret rotation. Use with azure- keyvault-secrets-provider addon.",
      "Arguments": null
    },
    {
      "Name": "--disable-snapshot-controller",
      "Alias": null,
      "Short": null,
      "Attribute": "",
      "Description": "Disable CSI Snapshot Controller.",
      "Arguments": null
    },
    {
      "Name": "--disable-vpa",
      "Alias": null,
      "Short": null,
      "Attribute": "",
      "Description": "Disable vertical pod autoscaler for cluster.",
      "Arguments": null
    },
    {
      "Name": "--disable-windows-gmsa",
      "Alias": null,
      "Short": null,
      "Attribute": "",
      "Description": "Disable Windows gmsa on cluster.",
      "Arguments": null
    },
    {
      "Name": "--disable-workload-identity",
      "Alias": null,
      "Short": null,
      "Attribute": "",
      "Description": "Disable workload identity addon.",
      "Arguments": null
    },
    {
      "Name": "--enable-aad",
      "Alias": null,
      "Short": null,
      "Attribute": "",
      "Description": "Enable managed AAD feature for cluster.",
      "Arguments": null
    },
    {
      "Name": "--enable-ahub",
      "Alias": null,
      "Short": null,
      "Attribute": "",
      "Description": "Enable Azure Hybrid User Benefits (AHUB) feature for cluster.",
      "Arguments": null
    },
    {
      "Name": "--enable-azure-keyvault-kms",
      "Alias": null,
      "Short": null,
      "Attribute": "",
      "Description": "Enable Azure KeyVault Key Management Service.",
      "Arguments": null
    },
    {
      "Name": "--enable-azure-monitor-metrics",
      "Alias": null,
      "Short": null,
      "Attribute": "",
      "Description": "Enable a kubernetes cluster with the Azure Monitor managed service for Prometheus integration.",
      "Arguments": null
    },
    {
      "Name": "--enable-azure-rbac",
      "Alias": null,
      "Short": null,
      "Attribute": "",
      "Description": "Enable Azure RBAC to control authorization checks on cluster.",
      "Arguments": null
    },
    {
      "Name": "--enable-blob-driver",
      "Alias": null,
      "Short": null,
      "Attribute": "",
      "Description": "Enable AzureBlob CSI Driver.",
      "Arguments": null
    },
    {
      "Name": "--enable-cluster-autoscaler",
      "Alias": null,
      "Short": [
        "-e "
      ],
      "Attribute": "",
      "Description": "Enable cluster autoscaler.",
      "Arguments": null
    },
    {
      "Name": "--enable-defender",
      "Alias": null,
      "Short": null,
      "Attribute": "",
      "Description": "Enable Microsoft Defender security profile.",
      "Arguments": null
    },
    {
      "Name": "--enable-disk-driver",
      "Alias": null,
      "Short": null,
      "Attribute": "",
      "Description": "Enable AzureDisk CSI Driver.",
      "Arguments": null
    },
    {
      "Name": "--enable-file-driver",
      "Alias": null,
      "Short": null,
      "Attribute": "",
      "Description": "Enable AzureFile CSI Driver.",
      "Arguments": null
    },
    {
      "Name": "--enable-force-upgrade",
      "Alias": null,
      "Short": null,
      "Attribute": "",
      "Description": "Enable forceUpgrade cluster upgrade settings override.",
      "Arguments": null
    },
    {
      "Name": "--enable-image-cleaner",
      "Alias": null,
      "Short": null,
      "Attribute": "",
      "Description": "Enable ImageCleaner Service.",
      "Arguments": null
    },
    {
      "Name": "--enable-keda",
      "Alias": null,
      "Short": null,
      "Attribute": "",
      "Description": "Enable KEDA workload auto-scaler.",
      "Arguments": null
    },
    {
      "Name": "--enable-local-accounts",
      "Alias": null,
      "Short": null,
      "Attribute": "",
      "Description": "If set to true, will enable getting static credential for this cluster.",
      "Arguments": null
    },
    {
      "Name": "--enable-managed-identity",
      "Alias": null,
      "Short": null,
      "Attribute": "",
      "Description": "Update current cluster to use managed identity to manage cluster resource group.",
      "Arguments": null
    },
    {
      "Name": "--enable-oidc-issuer",
      "Alias": null,
      "Short": null,
      "Attribute": "",
      "Description": "Enable OIDC issuer.",
      "Arguments": null
    },
    {
      "Name": "--enable-public-fqdn",
      "Alias": null,
      "Short": null,
      "Attribute": "",
      "Description": "Enable public fqdn feature for private cluster.",
      "Arguments": null
    },
    {
      "Name": "--enable-secret-rotation",
      "Alias": null,
      "Short": null,
      "Attribute": "",
      "Description": "Enable secret rotation. Use with azure-keyvault- secrets-provider addon.",
      "Arguments": null
    },
    {
      "Name": "--enable-snapshot-controller",
      "Alias": null,
      "Short": null,
      "Attribute": "",
      "Description": "Enable Snapshot Controller.",
      "Arguments": null
    },
    {
      "Name": "--enable-vpa",
      "Alias": null,
      "Short": null,
      "Attribute": "",
      "Description": "Enable vertical pod autoscaler for cluster.",
      "Arguments": null
    },
    {
      "Name": "--enable-windows-gmsa",
      "Alias": null,
      "Short": null,
      "Attribute": "",
      "Description": "Enable Windows gmsa on cluster.",
      "Arguments": null
    },
    {
      "Name": "--enable-windows-recording-rules",
      "Alias": null,
      "Short": null,
      "Attribute": "",
      "Description": "Enable Windows Recording Rules when enabling the Azure Monitor Metrics addon.",
      "Arguments": null
    },
    {
      "Name": "--enable-workload-identity",
      "Alias": null,
      "Short": null,
      "Attribute": "",
      "Description": "Enable workload identity addon.",
      "Arguments": null
    },
    {
      "Name": "--gmsa-dns-server",
      "Alias": null,
      "Short": null,
      "Attribute": "",
      "Description": "Specify DNS server for Windows gmsa on cluster.",
      "Arguments": null
    },
    {
      "Name": "--gmsa-root-domain-name",
      "Alias": null,
      "Short": null,
      "Attribute": "",
      "Description": "Specify root domain name for Windows gmsa on cluster.",
      "Arguments": null
    },
    {
      "Name": "--grafana-resource-id",
      "Alias": null,
      "Short": null,
      "Attribute": "",
      "Description": "Resource ID of the Azure Managed Grafana Workspace.",
      "Arguments": null
    },
    {
      "Name": "--http-proxy-config",
      "Alias": null,
      "Short": null,
      "Attribute": "",
      "Description": "HTTP Proxy configuration for this cluster.",
      "Arguments": null
    },
    {
      "Name": "--image-cleaner-interval-hours",
      "Alias": null,
      "Short": null,
      "Attribute": "",
      "Description": "ImageCleaner scanning interval.",
      "Arguments": null
    },
    {
      "Name": "--k8s-support-plan",
      "Alias": null,
      "Short": null,
      "Attribute": "",
      "Description": "Choose from \u0022KubernetesOfficial\u0022 or \u0022AKSLongTermSupport\u0022, with \u0022AKSLongTermSupport\u0022 you get 1 extra year of CVE patchs.  Allowed values: AKSLongTermSupport, KubernetesOfficial.",
      "Arguments": [
        "AKSLongTermSupport",
        "KubernetesOfficial"
      ]
    },
    {
      "Name": "--ksm-metric-annotations-allow-list",
      "Alias": null,
      "Short": null,
      "Attribute": "",
      "Description": "Comma-separated list of additional Kubernetes label keys that will be used in the resource\u0027 labels metric. By default the metric contains only name and namespace labels. To include additional labels provide a list of resource names in their plural form and Kubernetes label keys you would like to allow for them (e.g.\u0027=nam espaces=[k8s-label-1,k8s-label- n,...],pods=[app],...)\u0027. A single \u0027*\u0027 can be provided per resource instead to allow any labels, but that has severe performance implications (e.g. \u0027=pods=[*]\u0027).",
      "Arguments": null
    },
    {
      "Name": "--ksm-metric-labels-allow-list",
      "Alias": null,
      "Short": null,
      "Attribute": "",
      "Description": "Comma-separated list of additional Kubernetes label keys that will be used in the resource\u0027 labels metric. By default the metric contains only name and namespace labels. To include additional labels provide a list of resource names in their plural form and Kubernetes label keys you would like to allow for them (e.g. \u0027=na mespaces=[k8s-label-1,k8s-label- n,...],pods=[app],...)\u0027. A single \u0027*\u0027 can be provided per resource instead to allow any labels, but that has severe performance implications (e.g. \u0027=pods=[*]\u0027).",
      "Arguments": null
    },
    {
      "Name": "--load-balancer-backend-pool-type",
      "Alias": null,
      "Short": null,
      "Attribute": "",
      "Description": "Load balancer backend pool type.  Allowed values: nodeIP, nodeIPConfiguration.",
      "Arguments": [
        "nodeIP",
        "nodeIPConfiguration"
      ]
    },
    {
      "Name": "--load-balancer-idle-timeout",
      "Alias": null,
      "Short": null,
      "Attribute": "",
      "Description": "Load balancer idle timeout in minutes.",
      "Arguments": null
    },
    {
      "Name": "--load-balancer-managed-outbound-ip-count",
      "Alias": null,
      "Short": null,
      "Attribute": "",
      "Description": "Load balancer managed outbound IP count.",
      "Arguments": null
    },
    {
      "Name": "--load-balancer-managed-outbound-ipv6-count",
      "Alias": null,
      "Short": null,
      "Attribute": "",
      "Description": "Load balancer managed outbound IPv6 IP count.",
      "Arguments": null
    },
    {
      "Name": "--load-balancer-outbound-ip-prefixes",
      "Alias": null,
      "Short": null,
      "Attribute": "",
      "Description": "Load balancer outbound IP prefix resource IDs.",
      "Arguments": null
    },
    {
      "Name": "--load-balancer-outbound-ips",
      "Alias": null,
      "Short": null,
      "Attribute": "",
      "Description": "Load balancer outbound IP resource IDs.",
      "Arguments": null
    },
    {
      "Name": "--load-balancer-outbound-ports",
      "Alias": null,
      "Short": null,
      "Attribute": "",
      "Description": "Load balancer outbound allocated ports.",
      "Arguments": null
    },
    {
      "Name": "--max-count",
      "Alias": null,
      "Short": null,
      "Attribute": "",
      "Description": "Maximum nodes count used for autoscaler, when \u0022 --enable-cluster-autoscaler\u0022 specified. Please specify the value in the range of [1, 1000].",
      "Arguments": null
    },
    {
      "Name": "--min-count",
      "Alias": null,
      "Short": null,
      "Attribute": "",
      "Description": "Minimum nodes count used for autoscaler, when \u0022 --enable-cluster-autoscaler\u0022 specified. Please specify the value in the range of [1, 1000].",
      "Arguments": null
    },
    {
      "Name": "--nat-gateway-idle-timeout",
      "Alias": null,
      "Short": null,
      "Attribute": "",
      "Description": "NAT gateway idle timeout in minutes.",
      "Arguments": null
    },
    {
      "Name": "--nat-gateway-managed-outbound-ip-count",
      "Alias": null,
      "Short": null,
      "Attribute": "",
      "Description": "NAT gateway managed outbound IP count.",
      "Arguments": null
    },
    {
      "Name": "--network-dataplane",
      "Alias": null,
      "Short": null,
      "Attribute": "",
      "Description": "The network dataplane to use.  Allowed values: azure, cilium.",
      "Arguments": [
        "azure",
        "cilium"
      ]
    },
    {
      "Name": "--network-plugin",
      "Alias": null,
      "Short": null,
      "Attribute": "",
      "Description": "The Kubernetes network plugin to use.  Allowed values: azure, kubenet, none.",
      "Arguments": [
        "azure",
        "kubenet",
        "none"
      ]
    },
    {
      "Name": "--network-plugin-mode",
      "Alias": null,
      "Short": null,
      "Attribute": "",
      "Description": "Update the mode of a network plugin to migrate to a different pod networking setup.",
      "Arguments": null
    },
    {
      "Name": "--network-policy",
      "Alias": null,
      "Short": null,
      "Attribute": "",
      "Description": "Update the mode of a network policy.",
      "Arguments": null
    },
    {
      "Name": "--no-wait",
      "Alias": null,
      "Short": null,
      "Attribute": "",
      "Description": "Do not wait for the long-running operation to finish.",
      "Arguments": null
    },
    {
      "Name": "--node-os-upgrade-channel",
      "Alias": null,
      "Short": null,
      "Attribute": "",
      "Description": "Manner in which the OS on your nodes is updated. It could be NodeImage, None, SecurityPatch or Unmanaged.",
      "Arguments": null
    },
    {
      "Name": "--nodepool-labels",
      "Alias": null,
      "Short": null,
      "Attribute": "",
      "Description": "The node labels for all node pool. See https://aka.ms/node-labels for syntax of labels.",
      "Arguments": null
    },
    {
      "Name": "--nodepool-taints",
      "Alias": null,
      "Short": null,
      "Attribute": "",
      "Description": "The node taints for all node pool.",
      "Arguments": null
    },
    {
      "Name": "--outbound-type",
      "Alias": null,
      "Short": null,
      "Attribute": "",
      "Description": "How outbound traffic will be configured for a cluster.  Allowed values: loadBalancer, managedNATGateway, userAssignedNATGateway, userDefinedRouting.",
      "Arguments": [
        "loadBalancer",
        "managedNATGateway",
        "userAssignedNATGateway",
        "userDefinedRouting"
      ]
    },
    {
      "Name": "--pod-cidr",
      "Alias": null,
      "Short": null,
      "Attribute": "",
      "Description": "Update the pod CIDR for a cluster. Used when updating a cluster from Azure CNI to Azure CNI Overlay.",
      "Arguments": null
    },
    {
      "Name": "--private-dns-zone",
      "Alias": null,
      "Short": null,
      "Attribute": "",
      "Description": "The private dns zone mode for private cluster.",
      "Arguments": null
    },
    {
      "Name": "--rotation-poll-interval",
      "Alias": null,
      "Short": null,
      "Attribute": "",
      "Description": "Set interval of rotation poll. Use with azure- keyvault-secrets-provider addon.",
      "Arguments": null
    },
    {
      "Name": "--tags",
      "Alias": null,
      "Short": null,
      "Attribute": "",
      "Description": "The tags of the managed cluster. The managed cluster instance and all resources managed by the cloud provider will be tagged.",
      "Arguments": null
    },
    {
      "Name": "--tier",
      "Alias": null,
      "Short": null,
      "Attribute": "",
      "Description": "Specify SKU tier for managed clusters. \u0027--tier standard\u0027 enables a standard managed cluster service with a financially backed SLA. \u0027--tier free\u0027 changes a standard managed cluster to a free one.  Allowed values: free, premium, standard.",
      "Arguments": [
        "free",
        "premium",
        "standard"
      ]
    },
    {
      "Name": "--update-cluster-autoscaler",
      "Alias": null,
      "Short": [
        "-u "
      ],
      "Attribute": "",
      "Description": "Update min-count or max-count for cluster autoscaler.",
      "Arguments": null
    },
    {
      "Name": "--upgrade-override-until",
      "Alias": null,
      "Short": null,
      "Attribute": "",
      "Description": "Until when the cluster upgradeSettings overrides are effective. It needs to be in a valid date- time format that\u0027s within the next 30 days. For example, 2023-04-01T13:00:00Z. Note that if --force-upgrade is set to true and --upgrade- override-until is not set, by default it will be set to 3 days from now.",
      "Arguments": null
    },
    {
      "Name": "--windows-admin-password",
      "Alias": null,
      "Short": null,
      "Attribute": "",
      "Description": "User account password to use on windows node VMs.",
      "Arguments": null
    },
    {
      "Name": "--yes",
      "Alias": null,
      "Short": [
        "-y "
      ],
      "Attribute": "",
      "Description": "Do not prompt for confirmation.",
      "Arguments": null
    },
    {
      "Name": "--debug",
      "Alias": null,
      "Short": null,
      "Attribute": "",
      "Description": "Increase logging verbosity to show all debug logs.",
      "Arguments": null
    },
    {
      "Name": "--help",
      "Alias": null,
      "Short": [
        "-h "
      ],
      "Attribute": "",
      "Description": "Show this help message and exit.",
      "Arguments": null
    },
    {
      "Name": "--only-show-errors",
      "Alias": null,
      "Short": null,
      "Attribute": "",
      "Description": "Only show errors, suppressing warnings.",
      "Arguments": null
    },
    {
      "Name": "--output",
      "Alias": null,
      "Short": [
        "-o "
      ],
      "Attribute": "",
      "Description": "Output format.  Allowed values: json, jsonc, none, table, tsv, yaml, yamlc.  Default: json.",
      "Arguments": [
        "json",
        "jsonc",
        "none",
        "table",
        "tsv",
        "yaml",
        "yamlc"
      ]
    },
    {
      "Name": "--query",
      "Alias": null,
      "Short": null,
      "Attribute": "",
      "Description": "JMESPath query string. See http://jmespath.org/ for more information and examples.",
      "Arguments": null
    },
    {
      "Name": "--subscription",
      "Alias": null,
      "Short": null,
      "Attribute": "",
      "Description": "Name or ID of subscription. You can configure the default subscription using \u0060az account set -s NAME_OR_ID\u0060.",
      "Arguments": null
    },
    {
      "Name": "--verbose",
      "Alias": null,
      "Short": null,
      "Attribute": "",
      "Description": "Increase logging verbosity. Use --debug for full debug logs.",
      "Arguments": null
    }
  ],
  "Examples": null,
  "Name": "update",
  "Description": "Update a managed Kubernetes cluster. When called with no optional arguments this attempts to move the cluster to its goal state without changing the current cluster configuration. This can be used to move out of a non succeeded state."
}