{
  "Options": [
    {
      "Name": "--name",
      "Alias": null,
      "Short": [
        "-n "
      ],
      "Attribute": "[Required]",
      "Description": "Name of the managed cluster.",
      "Arguments": null
    },
    {
      "Name": "--resource-group",
      "Alias": null,
      "Short": [
        "-g "
      ],
      "Attribute": "[Required]",
      "Description": "Name of resource group. You can configure the default group using \u0060az configure --defaults group=\u003Cname\u003E\u0060.",
      "Arguments": null
    },
    {
      "Name": "--control-plane-only",
      "Alias": null,
      "Short": null,
      "Attribute": "",
      "Description": "Upgrade the cluster control plane only. If not specified, both control plane AND all node pools will be upgraded.",
      "Arguments": null
    },
    {
      "Name": "--kubernetes-version",
      "Alias": null,
      "Short": [
        "-k "
      ],
      "Attribute": "",
      "Description": "Version of Kubernetes to upgrade the cluster to, such as \u00221.16.9\u0022.  Values from: \u0060az aks get-upgrades\u0060.",
      "Arguments": null
    },
    {
      "Name": "--no-wait",
      "Alias": null,
      "Short": null,
      "Attribute": "",
      "Description": "Do not wait for the long-running operation to finish.",
      "Arguments": null
    },
    {
      "Name": "--node-image-only",
      "Alias": null,
      "Short": null,
      "Attribute": "",
      "Description": "Only upgrade node image for agent pools.",
      "Arguments": null
    },
    {
      "Name": "--yes",
      "Alias": null,
      "Short": [
        "-y "
      ],
      "Attribute": "",
      "Description": "Do not prompt for confirmation.",
      "Arguments": null
    },
    {
      "Name": "--debug",
      "Alias": null,
      "Short": null,
      "Attribute": "",
      "Description": "Increase logging verbosity to show all debug logs.",
      "Arguments": null
    },
    {
      "Name": "--help",
      "Alias": null,
      "Short": [
        "-h "
      ],
      "Attribute": "",
      "Description": "Show this help message and exit.",
      "Arguments": null
    },
    {
      "Name": "--only-show-errors",
      "Alias": null,
      "Short": null,
      "Attribute": "",
      "Description": "Only show errors, suppressing warnings.",
      "Arguments": null
    },
    {
      "Name": "--output",
      "Alias": null,
      "Short": [
        "-o "
      ],
      "Attribute": "",
      "Description": "Output format.  Allowed values: json, jsonc, none, table, tsv, yaml, yamlc.  Default: json.",
      "Arguments": [
        "json",
        "jsonc",
        "none",
        "table",
        "tsv",
        "yaml",
        "yamlc"
      ]
    },
    {
      "Name": "--query",
      "Alias": null,
      "Short": null,
      "Attribute": "",
      "Description": "JMESPath query string. See http://jmespath.org/ for more information and examples.",
      "Arguments": null
    },
    {
      "Name": "--subscription",
      "Alias": null,
      "Short": null,
      "Attribute": "",
      "Description": "Name or ID of subscription. You can configure the default subscription using \u0060az account set -s NAME_OR_ID\u0060.",
      "Arguments": null
    },
    {
      "Name": "--verbose",
      "Alias": null,
      "Short": null,
      "Attribute": "",
      "Description": "Increase logging verbosity. Use --debug for full debug logs.",
      "Arguments": null
    }
  ],
  "Examples": null,
  "Name": "upgrade",
  "Description": "Upgrade a managed Kubernetes cluster to a newer version."
}