[
  {
    "Name": "approve",
    "Type": 1,
    "Attribute": "",
    "Description": "Approve a private endpoint connection request for a container registry."
  },
  {
    "Name": "delete",
    "Type": 1,
    "Attribute": "",
    "Description": "Delete a private endpoint connection request for a container registry."
  },
  {
    "Name": "list",
    "Type": 1,
    "Attribute": "",
    "Description": "List all private endpoint connections to a container registry."
  },
  {
    "Name": "reject",
    "Type": 1,
    "Attribute": "",
    "Description": "Reject a private endpoint connection request for a container registry."
  },
  {
    "Name": "show",
    "Type": 1,
    "Attribute": "",
    "Description": "Show details of a container registry\u0027s private endpoint connection."
  }
]