{
  "Options": [
    {
      "Name": "--display-name",
      "Alias": null,
      "Short": null,
      "Attribute": "[Required]",
      "Description": "Object\u0027s display name or its prefix.",
      "Arguments": null
    },
    {
      "Name": "--mail-nickname",
      "Alias": null,
      "Short": null,
      "Attribute": "[Required]",
      "Description": "Mail nickname.",
      "Arguments": null
    },
    {
      "Name": "--description",
      "Alias": null,
      "Short": null,
      "Attribute": "",
      "Description": "Group description.",
      "Arguments": null
    },
    {
      "Name": "--force",
      "Alias": null,
      "Short": null,
      "Attribute": "",
      "Description": "Always create a new group instead of updating the one with same display and mail nickname.  Allowed values: false, true.",
      "Arguments": null
    },
    {
      "Name": "--debug",
      "Alias": null,
      "Short": null,
      "Attribute": "",
      "Description": "Increase logging verbosity to show all debug logs.",
      "Arguments": null
    },
    {
      "Name": "--help",
      "Alias": null,
      "Short": [
        "-h "
      ],
      "Attribute": "",
      "Description": "Show this help message and exit.",
      "Arguments": null
    },
    {
      "Name": "--only-show-errors",
      "Alias": null,
      "Short": null,
      "Attribute": "",
      "Description": "Only show errors, suppressing warnings.",
      "Arguments": null
    },
    {
      "Name": "--output",
      "Alias": null,
      "Short": [
        "-o "
      ],
      "Attribute": "",
      "Description": "Output format.  Allowed values: json, jsonc, none, table, tsv, yaml, yamlc.  Default: json.",
      "Arguments": [
        "json",
        "jsonc",
        "none",
        "table",
        "tsv",
        "yaml",
        "yamlc"
      ]
    },
    {
      "Name": "--query",
      "Alias": null,
      "Short": null,
      "Attribute": "",
      "Description": "JMESPath query string. See http://jmespath.org/ for more information and examples.",
      "Arguments": null
    },
    {
      "Name": "--verbose",
      "Alias": null,
      "Short": null,
      "Attribute": "",
      "Description": "Increase logging verbosity. Use --debug for full debug logs.",
      "Arguments": null
    }
  ],
  "Examples": null,
  "Name": "create",
  "Description": "Create a group in the directory."
}