[
  {
    "Name": "member",
    "Type": 0,
    "Attribute": "",
    "Description": "Manage Azure Active Directory group members."
  },
  {
    "Name": "owner",
    "Type": 0,
    "Attribute": "",
    "Description": "Manage Azure Active Directory group owners."
  },
  {
    "Name": "create",
    "Type": 1,
    "Attribute": "",
    "Description": "Create a group in the directory."
  },
  {
    "Name": "delete",
    "Type": 1,
    "Attribute": "",
    "Description": "Delete a group from the directory."
  },
  {
    "Name": "get-member-groups",
    "Type": 1,
    "Attribute": "",
    "Description": "Get a collection of object IDs of groups of which the specified group is a member."
  },
  {
    "Name": "list",
    "Type": 1,
    "Attribute": "",
    "Description": "List groups in the directory."
  },
  {
    "Name": "show",
    "Type": 1,
    "Attribute": "",
    "Description": "Get group information from the directory."
  }
]