{
  "Options": [
    {
      "Name": "--name",
      "Alias": [
        "--profile-name "
      ],
      "Short": [
        "-n "
      ],
      "Attribute": "[Required]",
      "Description": "Name of the Azure Front Door Standard or Azure Front Door Premium or CDN profile which is unique within the resource group.",
      "Arguments": null
    },
    {
      "Name": "--resource-group",
      "Alias": null,
      "Short": [
        "-g "
      ],
      "Attribute": "[Required]",
      "Description": "Name of resource group. You can configure the default group using \u0060az configure --defaults group=\u003Cname\u003E\u0060.",
      "Arguments": null
    },
    {
      "Name": "--no-wait",
      "Alias": null,
      "Short": null,
      "Attribute": "",
      "Description": "Do not wait for the long-running operation to finish. Allowed values: 0, 1, f, false, n, no, t, true, y, yes.",
      "Arguments": [
        "0",
        "1",
        "f",
        "false",
        "n",
        "no",
        "t",
        "true",
        "y",
        "yes"
      ]
    },
    {
      "Name": "--tags",
      "Alias": null,
      "Short": null,
      "Attribute": "",
      "Description": "Resource tags.  Support shorthand-syntax, json-file and yaml-file. Try \u0022??\u0022 to show more.",
      "Arguments": null
    },
    {
      "Name": "--origin-response-timeout-seconds",
      "Alias": null,
      "Short": null,
      "Attribute": "",
      "Description": "Send and receive timeout on forwarding request to the origin. When timeout is reached, the request fails and returns.",
      "Arguments": null
    },
    {
      "Name": "--sku",
      "Alias": null,
      "Short": null,
      "Attribute": "",
      "Description": "Name of the pricing tier.  Allowed values: Custom_Verizon, Premium_AzureFrontDoor, Premium_Verizon, StandardPlus_955BandWidth_ChinaCdn, StandardPlus_AvgBandWidth_ChinaCdn, StandardPlus_ChinaCdn, Standard_955BandWidth_ChinaCdn, Standard_Akamai, Standard_AvgBandWidth_ChinaCdn, Standard_AzureFrontDoor, Standard_ChinaCdn, Standard_Microsoft, Standard_Verizon.",
      "Arguments": [
        "Custom_Verizon",
        "Premium_AzureFrontDoor",
        "Premium_Verizon",
        "StandardPlus_955BandWidth_ChinaCdn",
        "StandardPlus_AvgBandWidth_ChinaCdn",
        "StandardPlus_ChinaCdn",
        "Standard_955BandWidth_ChinaCdn",
        "Standard_Akamai",
        "Standard_AvgBandWidth_ChinaCdn",
        "Standard_AzureFrontDoor",
        "Standard_ChinaCdn",
        "Standard_Microsoft",
        "Standard_Verizon"
      ]
    },
    {
      "Name": "--debug",
      "Alias": null,
      "Short": null,
      "Attribute": "",
      "Description": "Increase logging verbosity to show all debug logs.",
      "Arguments": null
    },
    {
      "Name": "--help",
      "Alias": null,
      "Short": [
        "-h "
      ],
      "Attribute": "",
      "Description": "Show this help message and exit.",
      "Arguments": null
    },
    {
      "Name": "--only-show-errors",
      "Alias": null,
      "Short": null,
      "Attribute": "",
      "Description": "Only show errors, suppressing warnings.",
      "Arguments": null
    },
    {
      "Name": "--output",
      "Alias": null,
      "Short": [
        "-o "
      ],
      "Attribute": "",
      "Description": "Output format.  Allowed values: json, jsonc, none, table, tsv, yaml, yamlc.  Default: json.",
      "Arguments": [
        "json",
        "jsonc",
        "none",
        "table",
        "tsv",
        "yaml",
        "yamlc"
      ]
    },
    {
      "Name": "--query",
      "Alias": null,
      "Short": null,
      "Attribute": "",
      "Description": "JMESPath query string. See http://jmespath.org/ for more information and examples.",
      "Arguments": null
    },
    {
      "Name": "--subscription",
      "Alias": null,
      "Short": null,
      "Attribute": "",
      "Description": "Name or ID of subscription. You can configure the default subscription using \u0060az account set -s NAME_OR_ID\u0060.",
      "Arguments": null
    },
    {
      "Name": "--verbose",
      "Alias": null,
      "Short": null,
      "Attribute": "",
      "Description": "Increase logging verbosity. Use --debug for full debug logs.",
      "Arguments": null
    }
  ],
  "Examples": null,
  "Name": "create",
  "Description": "Create a new Azure Front Door Standard or Azure Front Door Premium or CDN profile with a profile name under the specified subscription and resource group."
}