[
  {
    "Name": "create",
    "Type": 1,
    "Attribute": "",
    "Description": "Create a new Azure Front Door Standard or Azure Front Door Premium or CDN profile with a profile name under the specified subscription and resource group."
  },
  {
    "Name": "delete",
    "Type": 1,
    "Attribute": "",
    "Description": "Delete an existing  Azure Front Door Standard or Azure Front Door Premium or CDN profile with the specified parameters. Deleting a profile will result in the deletion of all of the sub-resources including endpoints, origins and custom domains."
  },
  {
    "Name": "list",
    "Type": 1,
    "Attribute": "",
    "Description": "List all of the Azure Front Door Standard, Azure Front Door Premium, and CDN profiles within an Azure subscription."
  },
  {
    "Name": "show",
    "Type": 1,
    "Attribute": "",
    "Description": "Get an Azure Front Door Standard or Azure Front Door Premium or CDN profile with the specified profile name under the specified subscription and resource group."
  },
  {
    "Name": "update",
    "Type": 1,
    "Attribute": "",
    "Description": "Update a new Azure Front Door Standard or Azure Front Door Premium or CDN profile with a profile name under the specified subscription and resource group."
  },
  {
    "Name": "usage",
    "Type": 1,
    "Attribute": "",
    "Description": "Checks the quota and actual usage of endpoints under the given Azure Front Door profile."
  },
  {
    "Name": "wait",
    "Type": 1,
    "Attribute": "",
    "Description": "Place the CLI in a waiting state until a condition is met."
  }
]