[
  {
    "Name": "create",
    "Type": 1,
    "Attribute": "",
    "Description": "Create application federated identity credential."
  },
  {
    "Name": "delete",
    "Type": 1,
    "Attribute": "",
    "Description": "Delete application federated identity credential."
  },
  {
    "Name": "list",
    "Type": 1,
    "Attribute": "",
    "Description": "List application federated identity credentials."
  },
  {
    "Name": "show",
    "Type": 1,
    "Attribute": "",
    "Description": "Show application federated identity credential."
  },
  {
    "Name": "update",
    "Type": 1,
    "Attribute": "",
    "Description": "Update application federated identity credential."
  }
]